Gender,University_Tier,Years_Experience,Interview_Score,Hired
0,2,1,37.415977228970675,0
1,2,2,53.49986070529332,0
1,3,6,64.40091538440933,0
1,2,1,54.54381665524652,0
0,3,8,42.203587232362636,0
0,1,5,56.15244881823764,0
0,3,5,43.20478637052032,0
1,3,4,46.936296925625975,0
1,1,7,72.24273373816499,1
1,2,7,64.2113153248249,0
0,1,6,67.82692384511931,0
1,3,7,55.46628409178823,0
1,2,4,66.70691827643353,0
0,2,7,66.9038608121483,0
0,1,4,61.60707638121642,0
0,2,5,48.57663912264144,0
0,1,4,63.48708671532156,0
1,2,4,56.70156568279466,0
1,2,3,51.839647661336016,0
0,3,6,36.80267992032372,0
1,2,9,62.32201367237238,0
0,2,9,56.597481466093306,0
0,3,1,29.768380568658976,0
0,3,9,36.18787445625513,0
1,3,4,55.224291102991614,0
1,2,7,63.80869358767922,0
0,2,2,47.09397689664986,0
1,1,5,66.86561198545505,0
1,3,6,49.606632018448515,0
0,1,1,45.85161679635009,0
1,2,7,60.40263807831031,0
0,2,9,52.804153195465034,0
0,2,4,51.09182349068399,0
1,2,9,67.95564533855213,0
1,1,4,68.66844249049254,0
1,2,8,59.375834721486825,0
0,2,0,40.59493505953765,0
0,3,12,58.07797960250958,0
1,3,9,52.90882944284402,0
1,3,4,59.61308920630386,0
0,3,0,33.207879990577105,0
1,2,6,63.96022251934253,0
0,1,1,52.675519437857886,0
1,2,6,68.37623506460986,0
0,2,6,46.02542286287243,0
1,2,2,58.16046009186973,0
0,2,8,56.140382085011,0
1,2,7,59.12916285913889,0
1,2,8,75.91686799711287,1
0,2,5,49.73229819872614,0
1,1,1,60.26946305135512,0
1,3,8,53.36439602332122,0
1,1,4,73.58865001504282,1
1,1,1,50.87721529887455,0
1,2,9,73.12443216382965,1
1,2,11,67.02614141034152,0
0,2,5,46.85561666067698,0
0,2,11,61.91882742454663,0
0,2,5,52.5506926242913,0
0,2,4,38.21752502273715,0
0,3,3,41.87891173956258,0
0,3,10,57.519033324975446,0
1,2,3,51.31023295577554,0
0,2,7,59.477267605060725,0
0,3,3,32.26240125201849,0
1,1,4,59.876137086111925,0
0,2,8,56.869043948260185,0
1,2,4,53.73216857648697,0
0,3,4,40.33638509824848,0
1,1,8,72.20538039401647,1
1,2,10,69.0646286503864,0
0,3,7,50.916856465023116,0
0,2,3,44.0405649936712,0
1,1,3,62.15770534406903,0
1,3,5,60.732359387439516,0
1,2,6,65.9534310501292,0
1,2,2,57.930086454071045,0
0,2,7,47.781458168913616,0
0,2,5,50.25936229319771,0
0,2,0,33.282730927063824,0
1,1,2,52.59292510110987,0
1,1,3,60.64146826857516,0
0,3,5,37.211232675715074,0
0,2,11,63.59775120547418,0
0,1,6,71.07267729847662,1
0,2,2,33.769490297171714,0
1,3,6,52.85848730211555,0
1,1,4,55.701066640410005,0
1,2,6,59.686853617035545,0
1,1,7,71.27587834934413,1
0,1,9,71.78855950910805,1
1,1,5,62.051203796664325,0
1,3,10,71.5008826340657,1
1,1,8,59.47571413701856,0
1,1,3,67.18435946759112,0
1,2,12,71.27855853422257,1
1,3,6,56.60945494943605,0
1,2,2,51.36318331139946,0
0,2,10,65.17542610370302,0
0,1,11,70.84510751597371,1
0,2,5,45.52473482917955,0
1,2,3,58.637193259299984,0
0,2,4,39.147779102473095,0
1,2,7,59.400509147769235,0
1,2,9,67.25910733250885,0
0,1,7,64.56667482657812,0
1,2,5,55.92204114390425,0
1,1,9,71.25068668461782,1
0,3,4,42.79913345334212,0
0,3,8,46.317114790781645,0
0,3,4,44.64920233880572,0
0,3,6,41.258209719565265,0
1,2,5,53.74038869763274,0
1,3,5,64.63172702860567,0
1,2,4,54.71020936167244,0
1,2,9,61.4454399646392,0
1,2,3,47.28973029114085,0
0,2,3,46.667490584514724,0
1,3,11,65.29347742669971,0
1,2,8,64.731451324668,0
1,2,0,49.2039914420668,0
1,3,3,56.0647144233489,0
0,1,0,54.1023508301204,0
0,2,2,52.61543675532734,0
0,3,0,31.43344718181546,0
1,2,5,65.3089238347916,0
1,2,2,58.02619928952203,0
1,2,5,59.817763398709815,0
0,2,0,35.8321112514965,0
1,3,5,56.659819642832765,0
1,2,4,60.550493656036366,0
0,2,10,53.44000531237756,0
0,1,9,73.83169432975328,1
0,1,7,75.18102489129798,1
1,3,4,63.34973869534839,0
0,2,11,62.36669308007752,0
1,2,0,59.31379843190141,0
1,1,1,53.85312894396772,0
0,2,5,51.52223489836109,0
1,3,12,75.69259754290636,1
1,2,4,53.51833333514002,0
0,1,4,60.57204943977496,0
1,2,1,60.68952380917625,0
0,3,8,44.204738456648194,0
0,2,8,46.0053685115927,0
0,3,7,56.17286945939647,0
1,2,3,61.98381612490219,0
1,3,3,53.160601219918846,0
0,2,1,38.093325475683315,0
0,1,5,62.80737747197509,0
1,2,2,55.40974436904526,0
0,2,1,49.6846009878107,0
0,3,4,43.239879125106256,0
1,3,4,63.83479633623483,0
1,2,3,51.51029007179885,0
0,2,6,48.58087744215182,0
1,1,5,63.134706661680426,0
1,3,4,47.57429228418834,0
0,2,6,50.7429629994919,0
1,2,2,56.086646508302195,0
0,2,5,47.7619404423762,0
1,1,5,75.85226089472278,1
1,2,0,52.3223373486178,0
1,2,8,71.75068401839808,1
0,1,2,59.33047123149488,0
1,3,5,63.390278002262974,0
0,2,8,63.65026538063084,0
0,1,8,73.65542565487975,1
0,2,5,41.905193260708415,0
1,3,4,50.25597488611416,0
1,2,8,67.40967151602581,0
0,2,7,52.18720289790649,0
1,1,3,64.49212567192185,0
0,1,3,63.3009884061502,0
1,2,0,50.0349245812797,0
0,3,5,37.38110755104152,0
1,3,5,57.00569130632115,0
0,1,8,80.27493678740328,1
1,2,6,67.09964302713877,0
0,3,9,54.3761415003219,0
0,2,3,46.900776679367155,0
0,3,8,48.17071093730773,0
1,1,3,58.4586742695834,0
1,3,7,55.26107447817009,0
0,3,1,34.30685556540873,0
1,3,6,54.889970516454596,0
1,2,0,56.041373703260696,0
1,2,4,55.623382911589054,0
1,3,6,52.98639141887542,0
0,2,3,52.921587737910166,0
0,2,2,38.17366902922312,0
1,3,8,61.76764228625176,0
1,3,5,57.25661412371706,0
1,3,4,47.31653440539593,0
0,2,5,56.0267122589027,0
0,3,13,62.73304813816519,0
1,3,8,68.7919200594039,0
1,1,8,67.6038903139095,0
1,2,6,62.4956289623808,0
1,2,5,60.19677877497098,0
1,2,0,51.31944247175011,0
0,3,3,30.684330766062242,0
0,2,4,46.76733849771552,0
1,3,0,37.86768044288127,0
1,3,2,50.79167035598461,0
0,2,0,25.481629099259933,0
0,3,5,32.48380502279349,0
1,2,7,68.09274358219999,0
0,3,8,47.09380045540741,0
0,1,6,62.0607096318388,0
1,3,2,55.35422810537774,0
1,2,0,51.638131086642076,0
1,2,0,54.36045097766892,0
0,3,1,35.43914474043419,0
1,2,2,67.39814346950001,0
0,2,5,43.83219572926577,0
0,2,2,50.470141108275655,0
1,3,6,56.69316979950044,0
1,2,4,49.727448025436274,0
1,1,5,67.41424372874054,0
1,2,8,67.57381280727581,0
1,2,1,46.74339092880385,0
0,1,6,62.38890361432642,0
0,2,5,49.03172657906845,0
0,2,4,48.11686804964802,0
0,1,8,58.646683585603,0
1,2,8,71.26560726261901,1
0,3,2,35.012276389332186,0
1,1,4,56.34126257800912,0
1,2,6,66.70533275725965,0
1,2,4,57.88191010290772,0
1,2,7,70.08082888391127,1
1,3,6,59.189761314898774,0
1,2,10,69.99242748525977,0
0,2,0,38.695690413402346,0
1,1,5,67.41356380278069,0
0,2,2,39.19779860962721,0
0,2,7,45.91889388670473,0
1,1,0,58.04954561327322,0
0,2,6,48.400226348512916,0
1,3,3,51.16783824034503,0
1,2,3,61.44689918077304,0
1,2,1,51.4306169613213,0
0,3,4,38.943712803022194,0
0,3,8,47.36390970666818,0
1,2,5,62.15369966990925,0
1,3,7,60.74913956340044,0
1,3,10,69.5038756589528,0
1,2,6,59.10435581496562,0
1,2,3,53.71091515204907,0
0,2,6,53.782627706616225,0
0,3,3,39.213989498523816,0
1,2,3,51.468909369036524,0
0,1,0,61.532770338672506,0
0,3,8,39.12773935328921,0
1,2,4,61.92142376631876,0
1,1,6,60.67393982000902,0
1,2,2,63.42894258242764,0
1,2,6,54.27700136547188,0
0,3,3,43.282321727246604,0
1,2,5,59.59182819994378,0
1,3,8,59.16698715080628,0
0,2,7,51.2821561468494,0
1,1,5,68.15950169578906,0
1,3,0,40.47799748834565,0
1,2,14,73.92106137415713,1
1,2,10,73.24802432556443,1
1,2,7,55.463285231751996,0
0,3,3,34.82170547305949,0
0,2,5,64.73229432609287,0
1,1,3,56.1599351770536,0
1,1,9,78.73901395879876,1
1,2,6,59.07024615643094,0
1,3,3,53.54522572398572,0
1,2,4,61.27177845298109,0
1,2,8,71.64478367591474,1
1,1,10,73.99873086593612,1
1,2,10,79.94442319377427,1
1,3,7,56.0533171770741,0
1,2,4,59.1711020679978,0
1,3,0,46.22638466108804,0
0,2,6,42.913631012241446,0
0,1,5,63.570638725104395,0
0,3,5,42.1836542123201,0
1,2,5,57.839394784352905,0
0,3,1,44.23722015561454,0
1,3,7,54.806881632002344,0
1,1,7,74.89712234070214,1
0,1,7,73.28229906574393,1
1,3,8,60.930689327478646,0
0,2,7,46.20714254723313,0
0,1,4,59.15872339804115,0
1,1,5,62.41016350391745,0
0,1,5,56.07129359026868,0
0,3,5,36.5485208922458,0
1,1,8,63.58761742318179,0
1,2,7,70.72937501588858,1
0,2,11,62.51824551103123,0
1,2,12,77.9298704943273,1
0,1,5,67.94415975770974,0
0,3,0,31.495223573745246,0
1,1,9,80.30340166064569,1
1,3,3,47.94618672134131,0
1,3,3,51.53334827683523,0
1,2,4,61.73529413912062,0
1,2,4,51.393953840719355,0
1,2,7,79.48294448071275,1
0,2,0,35.158655004082135,0
1,3,2,49.70994725287797,0
0,3,6,49.38916580738744,0
1,2,7,68.57477666505112,0
0,2,7,51.12788820769326,0
0,3,3,41.25587305583237,0
1,3,2,41.47925734526011,0
1,2,3,53.21767111075012,0
1,2,6,64.5860510807948,0
1,2,9,70.21946419521443,1
0,3,0,37.4721330913723,0
0,1,4,62.39749470888338,0
0,2,1,31.520759589935913,0
1,2,0,55.28365215387839,0
1,2,8,73.18044673091008,1
1,2,7,68.49122286428114,0
0,3,6,42.30399090666538,0
1,1,8,76.2219302593829,1
1,2,4,75.14455239004107,1
1,1,4,63.57576157220238,0
1,1,12,72.44131653877437,1
1,2,4,55.06857475223924,0
0,2,7,56.50460305952281,0
0,2,5,38.707315944878964,0
1,2,0,50.84701537456035,0
0,1,0,56.90168325157941,0
0,2,3,52.19698917430489,0
0,3,8,53.74961806325734,0
0,3,7,52.121054188601526,0
1,2,8,55.186604947427355,0
1,2,2,58.60526564023962,0
1,3,10,68.52756693030123,0
0,1,2,60.27972188539173,0
1,3,6,48.34888936927257,0
1,3,5,51.116130454064695,0
0,1,4,57.16588615232967,0
1,1,9,62.92495780246455,0
0,3,3,37.565530858823976,0
1,2,1,48.010889392786105,0
1,1,5,78.12652790134456,1
0,2,4,45.68117556789055,0
0,2,15,76.42379431524265,1
1,2,7,56.15450487653388,0
1,3,4,50.34955206997565,0
1,3,2,49.484489380171574,0
1,2,0,45.459230256961646,0
0,2,2,38.7222070161108,0
0,2,5,48.34390005298769,0
1,2,9,66.83046007277552,0
0,1,8,80.27559286517673,1
1,3,6,58.89113142715755,0
1,3,4,55.397552814706515,0
1,2,6,64.69827387172535,0
0,2,3,45.766674522744495,0
1,2,10,69.58556508062567,0
1,2,4,56.39626814260577,0
1,2,5,60.834080297591385,0
1,2,0,55.78401974456736,0
0,3,4,44.00314370039723,0
1,2,8,64.79800762155794,0
1,2,2,57.83921847334056,0
0,3,3,35.18084701374622,0
0,1,7,69.16935274717622,0
0,2,1,38.45276765559095,0
0,2,8,51.04550816721556,0
0,2,3,50.9388839633862,0
1,3,4,53.46210573669618,0
0,2,2,40.17412717902168,0
0,3,6,35.82646326056334,0
1,2,12,72.45378046183635,1
0,2,7,52.42381689804754,0
1,3,2,44.85428257278298,0
0,2,8,54.07264208913143,0
0,2,4,44.16749941881336,0
1,2,9,68.3999792762179,0
1,2,7,64.60751504909467,0
1,1,0,50.22122821088678,0
1,2,2,52.00649108758405,0
1,2,8,66.38687141380417,0
0,2,5,51.99559205216724,0
0,3,2,38.23216731071291,0
1,2,3,52.69032410041286,0
1,3,0,46.995023796219265,0
1,1,5,73.5377444466088,1
1,2,12,78.58353236294509,1
0,3,7,48.314690663912685,0
1,2,12,77.6279508774116,1
0,3,8,55.18759392919096,0
1,2,8,71.3781339700883,1
1,1,11,79.83380190558829,1
1,2,6,67.34321109795043,0
1,2,4,52.5917445186797,0
1,3,8,53.488673738298594,0
0,2,9,53.907299657730974,0
1,3,4,53.343403548252695,0
1,3,3,48.28044973243371,0
1,2,5,64.12926334913854,0
0,2,7,39.99675728373575,0
1,3,7,56.32613871971098,0
0,3,1,32.43672470191834,0
0,2,11,50.20060001629696,0
1,2,3,63.47365503634652,0
0,2,4,37.05669318677728,0
0,2,2,36.56387094415085,0
1,2,13,80.53989878902567,1
1,3,6,60.23022671714366,0
1,1,2,53.459126517576266,0
1,1,8,74.41244604630319,1
1,2,7,65.44892239329111,0
0,2,4,59.324506491674924,0
0,2,8,56.509308083974034,0
1,2,3,55.29379089465734,0
1,2,4,53.717490214402886,0
1,1,0,51.278783165222144,0
1,2,1,47.87115452265921,0
0,3,10,60.254343864717,0
1,2,10,70.08984957508235,1
0,2,5,50.65400586377426,0
1,2,10,77.57123799990444,1
1,3,5,43.20767928896267,0
1,2,4,64.39436882350188,0
0,2,5,49.43066080533958,0
0,3,5,44.69421245845218,0
0,2,4,40.54191225476646,0
1,1,8,67.22437800775741,0
1,2,5,62.44422944906494,0
0,1,7,80.92298900165734,1
0,2,8,58.52974696299092,0
1,3,6,63.3276146070927,0
0,2,2,39.71102817270482,0
1,3,1,43.998978877071856,0
1,1,5,61.095975242105034,0
0,3,4,40.226423217427055,0
0,2,5,35.35615117561032,0
1,2,5,56.37540328554199,0
0,1,13,78.19823421970078,1
0,3,1,31.42786316752045,0
1,1,0,55.65875054873646,0
1,1,6,68.81225434312805,0
1,2,4,57.9253731377852,0
1,2,6,59.09278456828621,0
0,2,7,41.093669663079154,0
0,1,9,70.12345695799104,1
1,2,0,45.13774681156497,0
1,2,3,58.33033374139302,0
1,2,6,66.54643698346847,0
1,2,7,68.6928553352997,0
0,3,12,58.37780868745462,0
1,2,8,65.33237132273756,0
0,2,5,46.73299208937946,0
1,2,2,50.26448623166467,0
0,3,3,29.475260816609698,0
0,3,3,45.36352753517632,0
0,3,7,46.08639365286245,0
1,2,6,55.76829853189563,0
1,1,1,52.867543121448826,0
1,2,4,53.66513271783724,0
1,2,8,66.21512242507563,0
0,2,6,55.71824658256205,0
0,3,7,44.33209312591981,0
1,3,6,45.73733242608175,0
0,3,10,52.54652564800773,0
1,2,6,61.21903049951402,0
0,2,4,43.68883069698673,0
1,2,2,50.86269416762149,0
0,1,6,68.08719540362921,0
1,3,0,45.33070557574501,0
1,1,4,62.87584842936676,0
1,2,4,60.063206807214826,0
0,2,1,38.01389943850094,0
1,2,2,51.56707165149673,0
1,3,7,65.900616447927,0
1,2,6,64.79677704857718,0
1,3,5,59.134730304714,0
1,2,6,68.13052292667034,0
1,2,5,62.629720903124,0
1,3,9,67.64194339568085,0
1,2,5,52.1032741896487,0
1,3,1,48.020769359980136,0
0,2,10,54.782455785776044,0
0,2,6,57.21900125340098,0
1,2,3,60.6382276590165,0
1,3,1,43.847774046034104,0
1,1,6,68.86397079264603,0
1,3,5,55.8384066672462,0
0,2,10,61.19516567915391,0
0,2,4,41.2251405429863,0
1,2,2,55.800082326191124,0
0,2,8,50.62213881542555,0
1,2,8,67.41224882027801,0
0,3,6,41.445675424451856,0
1,2,7,61.074684143017,0
1,2,5,65.86921010183352,0
1,2,6,56.742262208299195,0
1,1,8,66.11122799478976,0
0,2,7,51.063098386093884,0
1,2,4,54.14054812407023,0
1,2,9,63.574856838686,0
0,1,0,55.525379856041475,0
1,2,11,64.47467071548148,0
1,2,0,44.960188825431814,0
1,2,3,66.27047791461821,0
1,2,5,62.29737529484505,0
1,1,5,61.267183238650446,0
1,3,8,63.09107539133099,0
1,3,2,51.836652384933146,0
1,3,6,61.97207210045119,0
0,1,3,60.364219852716346,0
0,3,6,48.63777883410278,0
0,3,5,33.06871912765955,0
1,3,5,49.718459347621234,0
1,1,3,61.81935700868228,0
0,2,3,46.17827451024861,0
1,3,6,52.44108856165679,0
0,2,8,54.920825443275646,0
1,2,3,52.8807987565637,0
1,2,2,52.61520452886417,0
1,2,7,69.12386900332505,0
1,1,5,69.544687484443,0
1,2,7,59.01469836318369,0
0,1,2,53.71374268989948,0
0,2,0,36.86972816176947,0
1,2,3,55.866268494135376,0
1,2,3,52.7105075571263,0
1,1,5,70.20321221399834,1
1,2,3,57.736949208542775,0
1,3,7,61.03042554937215,0
1,1,4,56.66730585527514,0
1,1,5,70.8364535869189,1
1,1,5,50.89915588879654,0
0,3,6,49.74922432465153,0
1,2,5,64.67155868835385,0
0,2,7,51.52760164345001,0
1,1,3,67.36455108623711,0
1,2,9,67.68451223522827,0
0,3,4,41.792307136782185,0
1,3,1,48.697643937021084,0
1,2,6,77.93287455905528,1
0,1,2,65.72216954041502,0
0,1,7,72.5056560035646,1
1,1,12,74.43597756699403,1
1,2,3,56.71794912739746,0
1,1,6,62.93437953076807,0
1,2,0,54.11055423641407,0
1,2,6,62.702334878674286,0
1,3,2,43.377391601930526,0
1,2,3,56.405622917092515,0
1,3,2,44.75291265141847,0
1,3,7,59.75608110668774,0
0,1,8,66.70461341817372,0
0,3,5,43.53391769998622,0
1,2,2,57.75234930967547,0
1,2,10,69.73474004037448,0
1,2,3,54.045558664138056,0
0,3,0,31.20721527383072,0
0,2,6,52.53726897663486,0
0,2,2,34.52717152351217,0
0,3,8,52.0763945096244,0
1,1,4,69.587704095087,0
0,2,7,56.33560134834172,0
1,3,9,63.288770733336136,0
1,3,1,50.19868753349447,0
0,3,3,39.18979747620045,0
1,3,5,58.76800554579907,0
1,1,10,64.88034194508528,0
0,3,3,30.114971584595498,0
1,2,3,61.024145747416185,0
1,2,6,54.4736041191928,0
1,1,3,63.00769317859603,0
0,2,5,47.28484156713753,0
1,3,0,40.019053772020015,0
1,3,12,70.74824878573737,1
0,2,1,40.98119048927416,0
1,1,4,73.55171326048189,1
1,2,5,56.87594397732055,0
1,3,11,74.20055060034586,1
0,3,1,36.06875207201346,0
1,2,11,68.69489059228644,0
0,1,7,72.99623228758622,1
0,2,6,50.61064337658255,0
0,2,2,43.877156515817774,0
0,3,7,47.34786533536631,0
0,2,3,39.42988523683892,0
0,2,9,48.981605084175165,0
1,2,2,57.79721086911292,0
0,1,5,63.88030287843363,0
0,3,3,36.563784617293614,0
1,2,2,55.399107979721386,0
1,2,7,65.32644172391905,0
1,2,7,56.85336764512968,0
0,2,9,63.05012386444793,0
0,2,0,37.05801479011206,0
0,3,8,46.17034426125437,0
0,2,13,64.50555252625676,0
0,2,4,45.08199062831497,0
0,1,11,80.83531344744851,1
0,2,4,46.17126847968652,0
0,1,1,60.58923114498133,0
1,2,4,64.75496952863757,0
0,3,8,54.92597339990815,0
0,3,2,37.6737496099516,0
1,2,3,50.385494219615836,0
1,2,7,72.33898966502258,1
0,1,5,63.811383133264435,0
1,2,7,61.63446293319739,0
1,3,6,48.316365911177805,0
0,2,6,49.710365582707325,0
1,2,4,58.74443301976885,0
1,3,6,49.4244253187526,0
0,3,2,40.00450782805852,0
0,2,9,55.21633328674242,0
1,2,3,69.45157503644347,0
1,1,8,68.15319403954565,0
0,1,4,60.82403333901103,0
0,3,6,40.619972973825135,0
0,3,4,45.28999804607947,0
1,3,2,47.13612102767623,0
1,1,0,51.37542923117252,0
0,3,2,41.90194993053281,0
1,2,4,51.09823532293407,0
1,2,6,65.12555273124474,0
0,2,8,61.547788723981945,0
0,1,4,65.83303916417545,0
1,3,2,52.18949158129963,0
1,2,1,56.35030108453742,0
1,1,6,75.5485401433776,1
1,1,9,79.04946980009552,1
0,1,9,75.19834861136512,1
1,1,7,73.51945700318001,1
1,2,7,59.570325372674446,0
0,3,10,58.86338864487877,0
0,1,6,61.97222014408126,0
0,1,7,67.16488790684187,0
0,2,4,32.03850188822156,0
0,3,1,37.252896567994874,0
0,2,3,42.362628539336164,0
0,2,5,51.326217738836746,0
0,2,5,47.630610537299674,0
1,2,11,77.62047947350813,1
1,1,5,59.58201727663731,0
1,3,9,68.19193018579816,0
1,2,4,68.52928172181663,0
1,2,4,61.82079149965947,0
0,3,1,37.17389152796382,0
1,2,3,56.84798838197467,0
1,2,7,61.37665609717318,0
1,2,5,63.80596186350754,0
1,1,8,63.46958544798966,0
0,1,6,64.91122437539592,0
0,2,4,37.932317831336,0
0,3,11,50.86548273722468,0
1,3,5,58.21022545946781,0
1,2,8,68.52696688110231,0
0,1,4,63.25456847767737,0
1,1,7,69.85200497031005,0
1,3,8,51.570676910678955,0
0,2,6,49.21624596952857,0
0,2,0,35.186849717458394,0
0,3,5,39.12467508655834,0
0,3,9,52.322824096764776,0
0,3,7,44.22419146550525,0
0,1,6,63.97659574936294,0
0,3,0,23.08117028331199,0
0,3,3,34.89627735525954,0
1,2,6,56.5608122614319,0
0,2,6,50.25039805453878,0
1,2,9,63.244459766287676,0
1,3,5,55.52271122774608,0
1,1,6,66.27657119628829,0
0,2,5,53.66586049566503,0
0,1,2,61.48608990226597,0
1,3,0,35.80181063718848,0
1,1,6,60.67555577948646,0
1,2,6,62.27604004496167,0
0,2,3,36.393757550276064,0
0,3,0,17.52485871826366,0
1,2,7,70.74773156916872,1
1,1,4,66.60112008452704,0
1,3,7,61.60488436745886,0
1,2,11,68.96338477264543,0
0,3,0,35.69816380612539,0
1,1,3,57.47819837889559,0
0,2,4,45.07040245822556,0
0,2,9,52.60053019319253,0
1,1,0,62.58144225278007,0
1,2,11,64.14881672959078,0
0,2,5,54.901184849193804,0
0,3,5,41.27017959259024,0
1,2,4,55.55266502329005,0
0,2,4,46.66678498481855,0
1,2,8,69.66674003589091,0
0,3,2,44.82604399853365,0
1,2,6,63.56571511566766,0
1,2,4,53.54651957368861,0
0,2,3,43.022521894067324,0
0,2,13,71.42015687640344,1
0,2,6,58.11303423031028,0
0,3,7,52.15891609074713,0
1,2,8,69.97843510061193,0
0,3,1,39.39086667617154,0
1,1,10,80.79377417254935,1
0,2,0,35.817582927578215,0
1,3,3,44.22456967112497,0
1,1,4,63.345017503685305,0
1,3,7,54.91209206611155,0
1,2,6,56.72489622311408,0
1,3,4,49.398607117060344,0
0,2,5,58.609345144788115,0
1,2,2,54.68062317037922,0
1,1,1,58.809539181804944,0
1,2,7,57.88818596497873,0
0,1,7,59.781235206036854,0
1,1,10,70.90473678440597,1
1,1,3,68.19097792604374,0
0,2,7,52.10283681901099,0
0,3,4,42.68035590530344,0
1,1,9,76.6928301960103,1
1,1,8,68.04325310100862,0
1,2,6,68.93982791986684,0
0,1,4,59.83596200388909,0
1,1,8,78.03116179631276,1
0,1,7,71.2115107806767,1
0,3,3,32.02334649942543,0
0,3,1,32.54923600009538,0
1,2,4,49.07530733563948,0
1,2,10,75.81641066397104,1
1,2,8,65.876322895988,0
0,2,2,31.741800054740764,0
1,2,1,53.87873440859829,0
0,2,9,53.954399457864156,0
1,2,2,46.580970724833385,0
1,1,7,77.38982918484348,1
0,2,3,45.8042966222384,0
1,3,10,63.53284298843344,0
0,2,3,41.951298337700464,0
1,3,8,53.43360265421114,0
1,3,6,50.47725550207945,0
0,1,6,73.42458392437541,1
1,2,0,47.63058565107141,0
0,2,0,39.734435579614185,0
1,3,4,42.77834761899463,0
1,3,6,50.40953982102247,0
1,2,2,57.04906259937376,0
0,2,2,42.138447848630264,0
1,3,7,67.76687599362158,0
1,1,7,75.71478165815613,1
0,3,5,39.90784120109536,0
0,3,7,48.49343437556186,0
1,2,1,50.41698278548463,0
1,2,4,68.27404909319324,0
1,2,10,75.745073480262,1
1,2,5,60.84842545428876,0
1,2,5,61.00197392438176,0
0,3,12,65.7757270510892,0
0,3,1,35.447473387835444,0
0,3,7,51.964960941809856,0
1,1,10,64.03176036870563,0
0,3,4,44.29432350588504,0
1,3,8,58.42282567659308,0
1,2,2,62.78188993813996,0
1,1,3,68.73199343594915,0
0,2,6,48.64097994830294,0
1,3,7,66.67815489405515,0
0,2,8,60.7058794467501,0
1,3,10,65.37203335963073,0
0,2,5,59.66045124944577,0
0,3,9,51.22667873901764,0
1,1,4,61.92739524832046,0
0,2,8,57.93656936751996,0
0,2,6,47.66970259036617,0
1,1,6,67.42669887897446,0
1,3,6,64.04717212025454,0
1,2,0,50.09609426108635,0
1,2,2,45.524911035123466,0
1,2,5,61.836596939245986,0
0,2,0,34.51534688379789,0
0,1,7,73.32635578647273,1
0,1,8,74.48094857913122,1
1,3,6,64.35700174083262,0
1,2,2,58.537661503963484,0
1,3,9,68.45122141829032,0
1,3,11,63.65451619931143,0
1,2,5,64.0199324794525,0
0,2,7,59.19304397863293,0
1,2,6,58.55675045681616,0
1,3,7,67.99869145863549,0
1,3,5,52.25324954399335,0
0,2,5,42.02072822003762,0
1,3,8,62.48100221677419,0
1,1,12,82.57955208064405,1
1,3,1,51.55875061986133,0
1,3,5,50.19118789613399,0
1,1,1,59.17270048627145,0
1,2,10,66.57222714258248,0
0,1,3,53.55538871964712,0
1,2,1,47.356318422336074,0
1,3,7,55.24549817022091,0
1,2,10,72.60797580176254,1
1,1,7,74.76106831534334,1
1,2,6,54.633966850623665,0
1,3,6,58.75980537104028,0
1,2,9,62.116509071145465,0
0,2,2,45.938918833795185,0
1,1,5,61.88634709498126,0
1,3,4,47.74335490988361,0
0,3,1,38.070536640138535,0
1,2,4,55.065386972774526,0
1,1,8,69.4201802432365,0
1,1,7,57.900054562218116,0
1,1,7,73.73275680711737,1
0,2,5,50.6610968511897,0
0,3,7,48.32650711289592,0
0,2,3,36.56996658132046,0
1,3,4,59.04684589167381,0
0,2,6,44.140941660176466,0
0,3,6,41.89736724857106,0
0,3,6,57.47523155149607,0
1,1,5,61.48181777945385,0
1,2,4,61.7110498121325,0
0,2,14,70.19653731981734,1
0,1,8,72.95086096440042,1
1,2,6,63.41000271277255,0
1,2,4,59.881942809445995,0
0,3,4,41.76856848732832,0
1,2,5,59.740408206119696,0
0,3,6,51.817987005407986,0
0,2,0,31.764624939230544,0
1,3,0,50.10729052007688,0
1,2,3,60.11171149343776,0
1,3,6,60.49199560664701,0
0,2,4,50.43281699610505,0
1,2,9,67.53700302365803,0
1,2,1,42.655129620865615,0
0,2,3,45.295113270330624,0
1,1,10,70.04402891187723,1
0,1,5,61.34070395070968,0
1,1,8,64.78790163083794,0
0,3,11,53.887577241450124,0
1,2,3,53.016881530082756,0
0,2,5,35.38078174530819,0
1,3,4,56.50110955641144,0
1,2,0,61.10160929002441,0
1,2,4,61.03118596748144,0
0,1,8,69.98538021732887,0
1,3,7,58.72626802161892,0
0,3,7,46.58599219071185,0
1,3,4,53.450207919334794,0
0,2,3,41.41041570467833,0
0,3,9,48.084025995725945,0
0,1,4,71.41444194473915,1
1,1,6,59.564228821451145,0
1,1,5,68.59165771597124,0
0,2,9,54.124412492989656,0
1,2,8,75.50415907532873,1
1,2,1,53.7043229962411,0
1,1,1,55.20047231408376,0
1,2,7,62.76146400782751,0
1,3,5,55.19953347259881,0
1,2,4,52.286046525017994,0
0,3,8,45.209635165838314,0
0,2,6,41.07634141632947,0
1,3,5,50.38511550812953,0
1,2,7,64.46953240830224,0
0,2,4,45.67642760336688,0
0,2,10,47.60604085415342,0
1,2,3,55.313941484779,0
1,3,7,61.81704975411066,0
0,2,9,53.55716171489949,0
0,2,1,36.30510062734716,0
1,3,4,50.93919427475893,0
1,2,8,63.29618322511389,0
0,2,8,49.8518204974334,0
0,2,4,45.06554448687592,0
0,2,3,54.501897424070876,0
1,2,8,62.281500415474085,0
0,2,9,53.33121128974893,0
0,3,2,34.795412345985866,0
1,2,1,48.56322782820853,0
0,2,6,52.74574493852026,0
1,2,7,52.145573133467806,0
0,3,4,38.46112337842994,0
0,3,7,50.20598289547006,0
0,2,3,44.098162669389104,0
1,3,0,40.895805205748545,0
1,2,4,60.20378377219382,0
1,2,5,64.53171617698575,0
0,1,4,64.05317722607529,0
1,2,2,49.99389820093558,0
0,2,0,40.48699719291438,0
0,3,3,36.92950736917912,0
1,2,8,69.72593440946913,0
0,3,9,56.24010784016269,0
0,2,9,42.405154210928956,0
0,2,3,42.90000549948587,0
0,2,2,35.2262933151335,0
0,1,6,79.20894292664886,1
1,2,7,61.659377331019044,0
1,1,6,70.73186620912686,1
1,2,0,49.82341570202552,0
1,2,2,49.984577096404706,0
0,3,5,38.06727141597129,0
0,2,6,55.42180753968588,0
0,1,7,73.77969030089156,1
1,2,5,69.71792043688782,0
0,3,6,46.15569712925957,0
1,3,5,56.43959810623,0
1,2,7,62.66404217172356,0
1,2,6,60.56458898442495,0
1,1,5,59.79056533761316,0
0,3,4,43.26244002808619,0
1,2,5,56.053767025569016,0
1,2,6,64.20954461082101,0
0,2,6,50.68300742633367,0
1,1,6,68.4384102183786,0
1,3,9,71.37564969845113,1
1,1,6,66.81141025117205,0
1,2,3,59.78363501426714,0
1,2,8,76.2575473204279,1
0,3,1,40.010926243237265,0
0,3,2,42.49353095806688,0
1,2,6,60.4665589223975,0
1,2,7,65.14821527783899,0
0,3,1,28.108726972293965,0
0,1,4,65.49457200482207,0
1,2,3,57.372300888069205,0
1,2,4,58.11692562578091,0
1,3,8,66.1359739412143,0
0,2,7,44.61210068168642,0
0,3,5,51.90237021438649,0
0,2,3,46.74937448149153,0
1,2,1,51.64683010174013,0
0,2,9,56.490784406384364,0
1,2,7,66.40305607624298,0
0,2,3,51.625503133888955,0
1,2,7,64.50803859345005,0
1,1,5,65.72015450989613,0
1,3,4,53.09059238812936,0
0,3,6,52.63008002115277,0
0,2,3,40.01373944916389,0
0,2,4,43.89480665107937,0
1,1,5,72.31717827130497,1
1,2,4,58.735054168064316,0
1,3,7,64.68529430022761,0
1,1,11,72.4435997154852,1
1,1,3,59.97353739185743,0
0,3,0,38.813742195662655,0
1,2,0,46.618301421182274,0
1,1,5,64.24350480115146,0
0,2,3,45.48794423677544,0
1,2,6,57.05422741003507,0
0,2,5,47.3194278254219,0
0,3,0,34.479012320663244,0
1,3,0,45.23340867080981,0
0,2,6,54.07759103130326,0
1,3,5,62.707285974161266,0
0,2,4,39.43291878933214,0
0,3,0,30.79853833314237,0
0,2,6,54.99129828264612,0
0,3,9,57.897691902608706,0
1,3,6,60.592451486585645,0
0,1,2,60.45456700796166,0
1,3,5,58.332712659913156,0
1,3,1,50.368844171681296,0
1,3,8,56.36142853857816,0
1,2,5,60.96399396253135,0
1,3,0,52.29580497094346,0
0,3,4,38.71980093200881,0
0,2,6,49.09394632740293,0
0,3,4,38.56810157731774,0
1,1,4,51.43070252196563,0
0,1,1,57.102950886173396,0
1,2,7,65.50895965326437,0
1,2,3,53.43753304559549,0
0,2,0,30.37675830606495,0
1,1,4,58.59696770109176,0
0,3,8,53.02358019923111,0
0,1,4,72.86262386523453,1
1,1,10,81.91216670452717,1
1,1,6,60.27826997584724,0
1,2,6,66.27313655275351,0
1,3,5,51.68418812095355,0
0,2,5,46.19150082677871,0
1,3,4,50.69012201014358,0
1,1,4,66.53033474927716,0
1,2,7,68.79626688224519,0
0,2,2,42.486927782848866,0
1,2,2,53.59464629495988,0
0,1,2,61.321318716178965,0
0,2,11,64.78007925027039,0
1,2,7,69.88112853379265,0
0,3,6,38.826530761922896,0
1,2,2,54.10013669902015,0
1,1,7,63.659878120544114,0
0,2,5,49.2865683502831,0
1,1,6,65.8691235615962,0
1,3,2,48.766252730486485,0
1,2,5,56.00128555944734,0
1,1,4,55.56355103396285,0
1,3,3,40.527812366425486,0
1,2,7,63.344099228675795,0
1,1,0,52.8449944708353,0
0,2,7,49.012868212029915,0
1,2,7,70.61274231415831,1
0,3,2,31.56175868019221,0
1,3,3,58.084170410694014,0
1,3,4,61.119218721346286,0
0,2,6,37.773107388119,0
1,2,5,60.46190729499485,0
1,3,6,55.00151754582004,0
0,1,10,60.44098027641367,0
1,2,3,48.77679373465793,0
1,2,0,53.874680535542375,0
0,1,7,79.09599626355632,1
1,2,10,74.51339071349624,1
0,3,6,44.42013510761231,0
1,3,2,48.89333809184456,0
1,1,5,73.41331457324057,1
1,1,2,69.7411960097882,0
1,2,7,61.06578660237907,0
1,3,1,37.00006719844855,0
1,1,4,52.50906268364399,0
0,3,2,44.346033901011126,0
1,1,5,64.76470729612807,0
0,2,4,48.24579384130336,0
1,2,6,53.04674503521643,0
0,3,5,40.26869406707401,0
0,2,2,37.66766267097805,0
0,2,7,52.2918195183929,0
1,2,5,58.007039805431205,0
0,3,2,32.90085789349041,0
1,3,12,65.07716503698738,0
0,1,6,73.04161642973617,1
0,3,5,42.02019232458343,0
1,2,9,71.06078403477775,1
1,1,11,72.50563094561335,1
0,2,5,33.2549263514341,0
1,1,6,64.38447846557752,0
1,3,2,44.66714722787252,0
1,3,5,56.7450613431404,0
0,1,4,79.4286185684092,1
0,2,6,50.97971932821765,0
1,3,6,70.67980079691745,1
0,3,7,50.54046284252482,0
1,2,6,58.85056881213642,0
1,3,1,48.73958039060442,0
1,2,2,62.903192997388544,0
1,2,3,65.1478129816062,0
1,3,4,50.1233131597846,0
0,2,8,55.299809684475306,0
1,2,2,46.85366560164427,0
1,2,4,62.12334312345715,0
1,3,8,68.76677349527947,0
1,3,4,53.19899727058008,0
1,2,6,58.66307972819936,0
1,2,5,61.800654756387814,0
1,2,6,64.08729515681583,0
1,2,4,58.4057191592481,0
1,2,7,64.89357562167976,0
1,3,0,44.130925747653144,0
0,2,4,50.45503582718161,0
0,2,6,51.218060555380475,0
0,1,7,64.08448426427925,0
0,2,9,48.60325982618175,0
0,3,4,38.8563525633478,0
0,2,9,60.57530807162144,0
0,1,3,61.74028706945408,0
0,2,9,52.76746309069735,0
1,2,7,65.30759298362915,0
1,1,2,57.34594740238864,0
0,2,6,51.52426697429313,0
1,2,5,61.66529217533524,0
0,2,7,49.38474294335227,0
1,2,4,59.15759386023231,0
1,2,4,64.57524029762101,0
0,3,9,46.24636084164713,0
1,2,5,62.0132849082358,0
1,2,7,63.64769829767002,0
1,2,4,60.134918419310495,0
1,2,10,66.72717529202134,0
1,3,3,51.55167716579688,0
0,2,3,49.28979293527691,0
1,3,10,60.314965093769466,0
0,1,4,56.352974483374595,0
1,2,10,63.54272217756518,0
1,3,8,55.14668734899905,0
1,2,5,62.97661643946332,0
1,2,0,42.970701570672674,0
0,2,5,45.85048689894832,0
0,3,5,45.946675955390816,0
0,1,9,75.08329530274297,1
0,3,10,49.55760010987773,0
1,1,3,61.95461865877553,0
0,3,7,45.27837157925346,0
0,2,7,50.34197750613625,0
1,3,8,59.9458264067271,0
1,2,6,73.1771371737848,1
1,3,0,49.0465545196565,0
1,1,5,77.40325458756071,1
0,1,2,56.51518433539749,0
0,2,4,45.17082972237814,0
1,1,8,64.33937117361677,0
1,1,6,62.95216598955214,0
0,3,8,58.80813340782052,0
1,3,6,54.389828550791215,0
0,2,1,50.71092302925187,0
0,3,0,24.086950082225002,0
1,2,5,54.73265482963362,0
1,2,4,56.2938438948829,0
1,3,2,48.68125039160411,0
0,2,0,43.035037868853124,0
1,3,3,53.25385208593133,0
0,2,4,41.91496639540844,0
0,2,7,49.7566858609721,0
1,1,6,65.4046854010765,0
1,1,10,70.42673132337136,1
1,1,2,54.56018531699189,0
1,3,8,66.13941945716705,0
1,3,5,45.859175360364304,0
1,3,7,67.08679348722528,0
0,2,4,42.330440870598196,0
1,2,8,62.1374569680392,0
0,1,6,70.69879645348635,1
0,2,3,48.74224225387508,0
1,2,5,65.58816220801978,0
1,3,4,55.50926024679946,0
0,2,6,54.317463647504695,0
0,1,1,48.41751211428067,0
1,1,5,62.39084729255926,0
0,1,6,62.44414969987578,0
1,2,5,66.12319365607587,0
1,3,9,61.082609905380565,0
1,2,7,68.22703278391027,0
1,3,5,57.67928471244319,0
1,2,6,57.688465319181596,0
0,2,6,44.575457233208354,0
1,1,6,73.46908845407363,1
1,3,0,41.12258675657793,0
0,3,4,42.785851436415925,0
1,1,1,53.08729356836778,0
1,2,9,66.4302390654207,0
1,2,5,59.76919028015014,0
1,2,4,54.085667448512545,0
1,3,8,56.19776523008059,0
1,2,6,63.43136668388721,0
1,2,2,49.77631295604412,0
1,1,5,60.94671222150664,0
1,1,4,58.30473428149015,0
1,1,0,54.61045976834341,0
1,1,3,65.7185081719992,0
0,3,4,47.399080301777396,0
1,3,5,51.37040957003111,0
1,1,1,67.75155396665606,0
0,3,8,42.11509763189295,0
1,1,5,70.41774261663934,1
0,2,5,45.03331207620192,0
0,2,6,43.941614644190125,0
1,2,3,52.276219216078054,0
0,2,6,47.84537735617322,0
1,2,4,60.89986085516805,0
1,2,2,57.34934018952411,0
1,3,7,54.28007492326056,0
0,1,9,68.05170356244366,0
0,1,7,64.41680653318227,0
1,1,8,70.44322798807244,1
1,2,3,54.949221979045625,0
1,1,0,50.249122689651024,0
0,3,9,50.192078690234,0
1,2,11,83.31284404167658,1
1,2,10,67.47642269082424,0
1,2,4,55.83244089398233,0
0,1,2,61.79830785162184,0
1,1,2,56.205918541316024,0
1,2,0,53.344822408590915,0
1,2,5,56.4072864661048,0
0,2,10,67.59618347490684,0
1,1,5,66.72387486296147,0
1,3,6,53.89988525461644,0
0,1,9,70.05654150265363,1
1,3,4,50.43100123645983,0
1,3,11,73.86374833124437,1
0,2,11,52.248212011152035,0
0,1,5,61.66029164770248,0
1,1,3,58.19169721537287,0
0,2,7,52.400293749166494,0
1,2,4,56.64445153676603,0
0,3,2,27.84865890555541,0
1,3,9,61.00088658202266,0
0,2,9,55.18737825834659,0
1,1,5,61.85951082460108,0
1,2,1,55.43387744523832,0
1,3,1,51.597042143768235,0
1,2,5,59.608066501353036,0
0,1,4,64.15270793425364,0
1,3,4,42.194720013253644,0
0,2,8,50.90676426655474,0
0,3,7,51.94490855163673,0
0,2,9,55.07290244945449,0
1,1,2,55.313691618040195,0
1,3,4,64.38844463015465,0
1,2,7,73.09538595097902,1
1,2,6,64.33787456241079,0
0,2,10,64.80440540937343,0
1,1,6,55.87032291020961,0
1,2,11,68.06224279685647,0
1,1,7,66.65021063413424,0
0,2,8,54.432254969354595,0
1,2,4,55.55027989513019,0
1,3,5,42.24986854241827,0
0,3,8,49.839759694934486,0
0,1,10,77.71827064140304,1
1,2,7,72.0094939579499,1
1,2,5,56.05845367612518,0
0,1,9,68.64918421110049,0
1,3,0,31.600077570177657,0
0,3,1,31.28897382728027,0
1,1,7,73.50555890531086,1
1,2,5,56.9411606890364,0
1,1,7,79.71722409271824,1
1,2,5,58.71702582105238,0
0,1,7,69.73496142144278,0
0,3,3,34.080300465781626,0
1,3,7,60.4361017258764,0
1,2,8,56.103401025736524,0
1,2,9,71.46848977506572,1
0,3,11,60.29094337073529,0
0,2,6,56.509122160168,0
0,1,6,61.90015640616156,0
1,2,0,50.802810591487095,0
0,3,3,40.13047911609157,0
1,2,4,60.21140819165155,0
1,2,8,61.67350362432575,0
1,3,3,39.0400905522193,0
0,3,7,49.94626326086265,0
1,3,5,54.2375016084504,0
1,1,4,60.166647035192796,0
1,2,6,65.81972681857734,0
1,3,4,52.775402309227836,0
1,3,4,46.404024736161006,0
1,2,0,40.34273855451889,0
0,1,4,57.35518367433417,0
0,3,4,53.60680487608797,0
1,3,3,54.613883869663866,0
1,1,6,67.94306170987505,0
1,2,7,63.09169536407098,0
1,1,6,65.76303530026283,0
0,2,8,60.675948910386445,0
0,1,7,66.54702129048285,0
1,2,4,60.88460205342146,0
1,2,4,56.25786024854203,0
0,2,6,59.705527065819545,0
1,2,7,67.71144253789151,0
0,3,9,58.102790688330266,0
1,2,9,65.0779511265588,0
0,1,3,66.29068056283711,0
1,3,5,53.43711287302655,0
0,1,7,69.55017411966425,0
1,3,8,69.17523835309728,0
0,3,8,44.02313132349414,0
0,2,5,47.37352566321728,0
0,3,1,36.13498005032269,0
1,1,2,61.60002190400405,0
1,2,6,59.746077534532674,0
0,2,6,62.02541197708194,0
1,2,2,47.5253405732987,0
1,3,5,62.29442694316235,0
1,1,7,75.0753280279582,1
0,2,2,50.31571561678983,0
1,2,8,58.0588645064609,0
0,2,4,41.27045670275538,0
0,2,9,60.786887422272514,0
1,2,3,46.614804226848456,0
0,3,2,29.521183909277667,0
1,1,4,60.55846106644254,0
1,3,5,55.959968943111335,0
1,2,4,65.96112536824387,0
1,3,4,52.07367042534821,0
0,3,6,40.3279721611815,0
0,2,4,45.902645573259285,0
1,2,5,62.34798241647201,0
0,3,0,36.09869520580542,0
0,2,6,46.5939508353886,0
0,3,5,32.76865342826124,0
0,2,10,52.01750322002183,0
0,1,2,66.1013554263373,0
0,2,0,40.20606689546547,0
1,3,7,57.38738940446471,0
1,2,6,67.59084274186988,0
1,3,2,43.34941683815526,0
0,3,0,32.58423974647511,0
0,2,10,57.75825643618407,0
0,1,9,70.79311248352685,1
1,3,0,45.503814114507996,0
1,2,4,57.061530342891174,0
0,3,10,46.408148419203876,0
1,2,4,58.90738940939528,0
0,2,4,38.8597764495808,0
1,3,4,53.82807562548361,0
1,2,2,60.870679120750545,0
1,2,0,48.594884013619726,0
1,2,8,60.14258435014507,0
1,2,0,49.365060933975094,0
0,2,6,45.9701184627409,0
1,3,8,63.97254501315735,0
0,2,1,38.05728727916549,0
1,2,2,62.548816258322866,0
1,2,9,73.8149479783867,1
1,2,7,63.234597477592985,0
1,2,3,59.578045339865454,0
1,3,9,61.03381795418577,0
1,3,9,63.16978442582584,0
1,2,6,60.19282901824844,0
0,2,2,45.3965529853445,0
0,1,4,70.16494138354788,1
0,2,6,55.97019135608988,0
0,2,4,49.36127881669986,0
1,2,8,70.61516718617865,1
0,2,0,40.64567182642264,0
1,1,1,51.30356920394866,0
0,1,6,75.50485759708249,1
0,3,4,50.313562431041014,0
1,2,3,54.830601983433155,0
1,2,0,48.14651042391909,0
1,1,5,68.06205826457688,0
1,1,5,67.75406417591752,0
1,3,7,57.99026965623491,0
0,2,5,43.27913796064587,0
1,2,5,61.52850595374888,0
1,2,9,70.75718269087773,1
1,3,1,50.629105740193985,0
0,1,7,70.74646386177103,1
1,1,0,53.644424258190455,0
0,2,2,47.86816174469894,0
0,2,1,41.21038102992532,0
0,2,7,46.998537431152755,0
1,2,5,59.0967330897714,0
1,2,5,51.27015483762509,0
1,3,2,48.08879087910731,0
1,2,4,61.44218259937334,0
1,1,3,62.69891511069615,0
0,2,6,57.44075599117319,0
0,3,2,37.47479619384563,0
1,2,9,70.43656581526658,1
0,3,0,38.269617470312255,0
1,1,3,72.71428504143704,1
1,2,10,70.72382745558821,1
1,1,4,57.779064105679886,0
1,2,1,56.23964376677641,0
1,3,6,66.32863677984228,0
1,3,4,51.38725644886689,0
1,2,2,58.20540769303208,0
1,2,2,60.1436402761446,0
0,3,13,65.6901643411862,0
1,2,4,58.62779261236789,0
1,1,0,51.50763120893427,0
0,2,9,54.64925530889602,0
1,2,7,66.29300226938815,0
1,2,3,60.54111262045865,0
1,2,2,55.669725239995195,0
0,2,7,51.16735270946298,0
1,2,4,60.776898280748846,0
1,1,0,59.3004253387141,0
0,2,10,59.405262080663526,0
0,3,4,36.9687541129585,0
1,2,9,67.09296982641405,0
0,2,9,58.71972199634134,0
1,3,2,42.08491095627763,0
1,3,8,50.534109888044206,0
0,2,3,51.937966064393294,0
1,1,0,57.557076275109395,0
1,3,4,56.03365001260053,0
1,3,6,51.61591513186472,0
0,3,4,44.39631290534865,0
1,3,4,54.37624343784182,0
0,2,8,44.47193436776888,0
0,2,5,54.95466103671608,0
1,1,2,59.793416618093644,0
0,2,7,48.05350248953771,0
1,2,6,60.11005127007391,0
0,2,0,26.615468691654794,0
1,2,6,64.96668299815681,0
0,3,6,46.25664046649505,0
1,2,5,59.02959933833453,0
1,2,8,72.39242603725836,1
0,1,3,54.080704905020774,0
0,2,6,46.49622798973011,0
0,3,0,25.913941446987106,0
1,2,6,60.60602510114224,0
0,3,11,54.02929264374415,0
1,2,2,56.15006761905678,0
1,2,3,54.26513273447441,0
0,2,3,37.08824519436391,0
1,2,5,68.43003474885222,0
1,3,2,61.05820095894285,0
0,2,6,51.8226408420548,0
0,3,8,44.79991738366991,0
0,2,7,56.83396230598622,0
1,3,0,37.766214468357674,0
1,1,8,69.32613337647587,0
1,3,8,57.51941474326849,0
1,2,7,58.20232224774756,0
1,2,6,60.59987883539115,0
1,2,6,57.67913960413018,0
1,3,8,61.06327232074327,0
0,1,11,77.13588583836231,1
0,2,2,39.28028107518301,0
0,3,8,44.30911222629855,0
0,2,5,48.36036770811316,0
1,1,5,69.04923030559713,0
1,2,0,49.25785299467907,0
0,2,4,47.6101528525553,0
0,3,2,39.70300430744398,0
1,3,4,55.85765348450371,0
1,2,2,60.93922985172986,0
0,3,4,37.03432477556464,0
1,2,4,55.63408446846443,0
0,1,5,73.81649400149784,1
0,2,0,34.315809534123225,0
1,2,1,37.924381550470756,0
1,1,6,65.98515828426058,0
0,3,3,40.414996588770684,0
1,3,8,47.914434412843946,0
1,2,6,68.66967819943974,0
1,2,7,60.43143768067199,0
1,3,9,64.64281557593758,0
1,3,4,51.87009227327969,0
1,3,3,44.55824290397979,0
1,2,8,60.6474593268229,0
0,3,7,44.21333519038614,0
0,2,4,52.74932401807223,0
0,2,9,53.966735350000434,0
1,1,4,60.39067241724127,0
0,1,5,60.326955437048845,0
1,2,5,65.98075110763064,0
1,2,2,61.321006362617936,0
0,1,5,70.9237194935334,1
1,3,9,65.46218669577084,0
1,1,6,68.44915020935356,0
1,2,5,53.92031091012049,0
0,2,5,43.88184692075374,0
1,3,6,53.580698983267816,0
1,2,7,54.87243945507645,0
1,1,7,74.28521709582682,1
1,2,4,54.52085026803862,0
1,3,6,62.97970953717653,0
1,3,6,61.40873200380006,0
1,2,2,56.783589883167096,0
1,2,6,65.06442035881592,0
0,3,0,31.36611989171388,0
1,1,6,76.28925075645333,1
1,2,7,64.21562715476524,0
1,2,7,65.50965842559351,0
0,1,4,59.75461833216681,0
1,2,6,57.3441736961152,0
0,2,9,58.07673980342331,0
1,2,9,69.08756747969393,0
0,3,5,40.15005541574945,0
1,2,5,52.80786640612298,0
1,3,8,54.650384563362266,0
0,1,0,60.98066858545553,0
1,2,4,54.93373092674964,0
1,1,9,71.30545727162084,1
1,3,8,68.2517012937953,0
1,3,6,51.38924719256793,0
1,2,0,46.365025871414716,0
1,3,5,51.156165857196534,0
1,2,3,64.0903424058302,0
1,3,6,66.96691750291207,0
0,3,3,41.03263345650289,0
1,3,2,52.9169236207712,0
1,2,0,47.098224985736344,0
1,1,9,82.73664243452141,1
1,2,4,59.33848127179331,0
1,1,5,69.2655513222487,0
1,2,5,59.47237530614523,0
0,2,2,42.069542564552876,0
1,2,1,60.31521129798059,0
0,1,2,61.698618398691536,0
0,1,3,68.2568773053519,0
0,2,6,52.07743211632078,0
0,3,3,35.77613747963919,0
1,2,10,67.08328533560756,0
0,2,8,53.752227310488166,0
1,3,7,55.867498919783365,0
0,2,5,40.096772496858385,0
0,2,10,63.45163415315304,0
0,2,4,44.98443238202508,0
0,2,5,47.87401908597245,0
1,3,6,58.480667949428025,0
1,1,7,66.05923437339716,0
1,2,7,71.2539973315437,1
1,1,4,57.414291193976936,0
0,2,3,43.320521321313805,0
1,3,7,60.230588531882916,0
1,2,7,63.72872698567926,0
1,1,4,56.51543693364009,0
0,2,0,43.69330677279571,0
0,1,4,66.71755335167299,0
0,1,7,65.62215735704392,0
0,3,10,58.17387996430384,0
1,3,1,48.87453843150388,0
1,3,4,46.59693927319446,0
1,3,4,48.73035542714321,0
1,2,9,73.6914072244479,1
1,1,5,66.54708092571025,0
1,3,2,46.17848527094687,0
1,3,7,54.70762054413679,0
0,3,4,39.48399212163505,0
0,2,1,36.04717073650333,0
0,2,2,36.81178273919374,0
1,3,10,56.29117943808349,0
1,3,6,62.70006643200393,0
0,3,5,47.15019509324847,0
1,1,4,56.6337227409657,0
0,2,6,51.4341570046595,0
1,2,6,57.488808986426164,0
0,3,6,44.03098090763302,0
0,1,5,63.27616710063172,0
1,1,8,68.86082892141064,0
0,3,5,50.18531035566471,0
0,1,2,56.79837157661905,0
0,3,3,35.75555474101844,0
1,2,0,46.18709285251476,0
1,3,11,72.21888478200877,1
0,2,8,43.231261225259885,0
1,3,3,47.186885417822396,0
1,3,4,60.23411420055767,0
0,1,3,62.21993093998823,0
1,1,10,75.95961002518057,1
0,2,1,49.75807477842982,0
0,2,5,50.61525743288625,0
1,3,5,51.45906919320209,0
0,2,7,50.25305282484291,0
1,2,5,54.32283845484716,0
1,1,0,61.27968520007848,0
0,3,4,41.1300650008792,0
1,3,2,54.622070749854444,0
0,2,5,53.972091652060065,0
1,2,9,65.92894609536233,0
1,1,0,50.27623573995555,0
1,2,3,55.741434443459774,0
1,2,3,51.636194646057305,0
0,1,4,63.82478437704513,0
1,2,7,69.66048440417345,0
1,2,4,57.159301769754165,0
1,2,6,62.749975449538695,0
1,2,3,55.53077191888317,0
1,1,6,71.01363786218849,1
0,3,7,41.34415520461174,0
0,3,3,28.735625218525964,0
1,2,7,66.3543442968769,0
1,1,5,69.93917210653997,0
1,3,8,63.23187122379268,0
1,3,4,49.79884752265993,0
0,2,6,43.47032875006779,0
0,2,5,48.25322736789174,0
1,1,5,65.70739476467337,0
0,2,6,46.76759465585988,0
1,1,7,78.11231671496896,1
1,2,1,47.26599952909334,0
1,2,9,76.87518510563733,1
0,2,0,37.7298026885967,0
1,2,3,46.822147615645626,0
1,2,5,59.103986728404294,0
1,2,6,66.79748038299721,0
0,1,10,73.17472483597514,1
1,1,0,47.626107293808026,0
1,3,3,50.17742734101915,0
0,1,0,50.71413813054147,0
0,3,5,44.26063149471267,0
0,3,6,50.8520984264264,0
1,2,10,64.71864796125946,0
1,2,5,56.47097972442175,0
1,2,8,69.78321232553469,0
0,3,7,43.439662070938255,0
0,3,4,36.19564880212529,0
1,3,1,41.106544341018726,0
1,1,6,68.7601930647906,0
1,2,1,53.54578859758732,0
0,2,9,54.112304789832635,0
1,2,5,60.02542698064117,0
1,1,9,80.63566192077565,1
1,1,4,58.12969921540889,0
1,3,6,47.24128695494775,0
1,2,6,64.27537787860186,0
1,2,5,59.44799418049206,0
0,2,4,43.05139949913961,0
0,3,6,48.654791021483845,0
1,3,2,53.19612572334395,0
1,2,1,40.95860990059954,0
0,1,9,69.73701045334256,0
0,2,7,60.743750958143316,0
0,3,5,44.57401267618677,0
1,2,10,73.38051819148575,1
0,2,4,51.73444599607568,0
0,2,9,53.14507182252109,0
0,2,6,55.21725919928505,0
0,3,2,40.21005424953359,0
0,2,11,61.45989644851855,0
1,1,8,69.38994014691298,0
0,1,5,65.86029461183129,0
1,2,7,61.05819217846611,0
0,3,4,42.78616835041209,0
1,2,7,58.157545539503666,0
1,3,0,41.04688004363524,0
1,3,2,47.588439790375354,0
1,2,8,61.28147284284962,0
0,1,4,60.47491364627412,0
0,1,6,66.18037011622242,0
1,3,1,49.01131172332189,0
1,1,11,81.74628650926455,1
1,2,9,65.68107814310946,0
1,2,4,64.67552308634312,0
1,3,4,57.693055393127466,0
1,1,8,73.52046915971971,1
0,2,11,59.1832513560675,0
1,2,8,67.59560420934271,0
1,2,12,79.93525575333192,1
0,3,2,44.61856153418642,0
1,1,3,67.67473364191821,0
0,3,1,36.50522261638663,0
1,2,6,64.77483582499306,0
0,2,6,57.91928497079983,0
1,2,5,56.881419825418035,0
1,2,7,62.40791573140848,0
0,1,9,73.08018331506739,1
1,2,0,54.49799368989703,0
1,2,3,60.57586075359311,0
1,2,7,62.84567944401032,0
0,2,4,35.81250359482386,0
0,3,3,38.814741995789,0
0,2,8,48.13128180784248,0
1,1,1,49.55031897679889,0
1,2,4,51.68064219633142,0
1,3,6,58.6319050392278,0
1,3,3,57.80518680466403,0
1,2,7,64.19447258118122,0
1,3,3,52.05690327322982,0
0,2,9,61.13700721206467,0
1,2,5,52.27772545458223,0
0,3,7,50.136852114525844,0
1,3,7,58.942051078405896,0
1,2,3,58.830287294160335,0
1,3,0,42.58258045798092,0
0,1,6,62.91031354786759,0
0,3,5,42.59809599843127,0
0,2,7,60.19520801722912,0
0,1,4,67.30455052270732,0
0,2,4,44.73445539863647,0
1,2,11,65.2951398200936,0
1,2,1,43.589663581511076,0
0,2,7,57.13251080761374,0
0,1,3,56.224588559320864,0
1,2,4,56.372432935025316,0
1,2,4,64.60605563038789,0
1,2,3,47.93049272260504,0
1,2,7,71.46132254737529,1
1,3,9,61.731797730537494,0
1,3,6,51.25708342380631,0
1,3,5,53.76324536425543,0
0,2,2,39.739105253343,0
1,3,7,61.20409899452858,0
0,1,11,73.75933783056111,1
1,1,4,53.44178894540478,0
0,2,4,45.94384442284918,0
1,3,3,44.217274738567305,0
1,2,4,59.0215994199416,0
1,1,0,49.06434833858338,0
1,1,6,64.55993598413957,0
0,3,2,35.82444246183365,0
0,2,0,35.63712089420288,0
1,2,7,65.25215141500523,0
0,2,2,44.24648005752057,0
1,2,4,52.21033150134347,0
0,2,9,55.586998375162835,0
1,2,1,35.35248101245935,0
1,3,0,46.23666650841262,0
1,2,6,60.49592934812579,0
0,2,8,49.10134859141329,0
1,1,0,56.57859711148262,0
1,2,6,67.86348788592534,0
1,2,7,61.61991126200528,0
1,2,0,45.2759275487914,0
1,1,7,69.82512631219356,0
0,3,8,40.870653620841196,0
1,2,4,54.698093147322304,0
0,2,9,60.41198311520728,0
0,3,8,48.75983013723988,0
0,2,5,35.756318958526535,0
0,3,4,29.236543969008636,0
0,2,2,42.748281013170086,0
0,2,5,50.20884160817266,0
1,3,7,50.91189270686925,0
1,2,4,60.24856303748254,0
1,2,0,56.65171753744859,0
1,3,9,72.4392949397932,1
0,2,6,50.939774591307305,0
1,2,4,60.53401297276237,0
1,2,8,55.33407786185928,0
0,3,10,62.93998330219408,0
1,3,0,42.12254893451939,0
0,2,6,47.05782390098153,0
1,2,1,50.723969327801875,0
1,3,6,64.55836707092716,0
0,1,5,76.04023023771774,1
0,2,7,51.75716984503767,0
1,3,4,57.99042086301827,0
1,3,0,45.21602024342752,0
0,3,4,33.308132982093255,0
1,2,6,69.38371835394145,0
0,1,8,67.88936259821806,0
1,2,1,59.677653866859416,0
1,2,8,72.49270664884541,1
0,2,3,45.16951207381058,0
0,3,6,52.21328805777546,0
0,1,3,72.16173016592869,1
0,3,6,45.32413799229674,0
0,2,8,50.16378217225002,0
1,2,1,42.67865081371764,0
0,1,3,72.22341127715129,1
1,2,6,59.80158995540775,0
1,1,12,84.67518428550869,1
1,3,2,45.29372316245259,0
1,3,11,74.69132820456018,1
0,2,11,57.333387457671755,0
1,2,5,54.041404331913284,0
1,3,4,51.95746784523125,0
1,2,3,53.341121495191814,0
0,1,5,67.98149892730606,0
1,2,1,51.74302536403738,0
1,3,5,58.13851197275961,0
0,1,9,71.54489263457353,1
0,2,3,41.09488673262779,0
1,3,4,50.082197260519635,0
1,1,0,65.22469399015513,0
1,1,6,68.12585466113468,0
1,2,6,52.08118895273478,0
0,3,5,39.50125821526097,0
1,2,4,58.48433016237938,0
1,3,4,62.226998406251894,0
0,2,7,57.31957451259826,0
0,1,5,60.391410817590426,0
1,3,6,69.09177876786225,0
0,2,6,49.04070908867128,0
1,2,8,72.23164905537472,1
0,2,7,46.03245127162761,0
0,2,6,38.57610673149687,0
0,1,10,67.9578425481582,0
1,1,6,50.74833261902147,0
1,2,9,78.56044663626454,1
1,3,7,60.07266459443208,0
1,2,0,45.37677990775984,0
0,3,9,54.78610297887481,0
1,2,5,60.94667018090083,0
1,2,5,63.10466697806996,0
1,1,6,73.04765700568134,1
0,1,4,61.55039423487492,0
1,2,6,57.60080346949506,0
0,3,3,40.67968378513567,0
0,3,9,56.954797059399084,0
1,3,5,55.50367904060673,0
1,2,4,68.88777094340386,0
0,3,2,36.80262694498188,0
0,2,6,43.36672144300593,0
1,1,6,69.09045713753301,0
1,3,6,53.625310715432505,0
1,2,2,56.477582620724476,0
1,1,0,50.8349587208028,0
1,2,7,61.99878858534057,0
0,2,9,62.47014739856688,0
1,3,2,46.9720632162616,0
1,2,10,66.00574227991352,0
0,3,6,49.21787980496422,0
1,1,5,59.74479024856653,0
0,2,4,44.458914658950235,0
1,2,1,54.88280560254497,0
1,2,8,70.69205711936645,1
1,2,3,62.10238195540537,0
1,3,3,47.263890838897574,0
1,3,8,63.9800433649306,0
1,3,0,42.669459002279105,0
1,3,0,41.97172183244684,0
0,3,5,49.88261277811886,0
1,2,6,59.25222802070207,0
0,3,6,43.53190947879509,0
1,2,4,58.777897346153196,0
1,2,13,70.64622811830749,1
1,2,4,62.830464276781605,0
0,2,4,46.7583832075256,0
0,2,3,33.23454772162434,0
1,3,5,56.38710555618672,0
0,2,7,48.9508292819651,0
0,1,9,78.48537653206314,1
0,2,1,34.701149786462466,0
1,1,4,61.21761515685228,0
1,1,6,68.81012275494233,0
0,2,7,54.16739410752233,0
0,2,5,50.75488696591873,0
0,2,7,46.29873068819144,0
1,3,3,59.25957168433689,0
1,3,10,67.62572329394136,0
0,2,8,57.83044035537761,0
0,2,1,45.45428167869752,0
0,2,2,40.388412618378396,0
1,3,2,42.579008945444194,0
1,1,7,66.18223409375649,0
0,1,1,64.94781666431288,0
0,3,4,49.151890301219844,0
0,2,6,46.20153299399298,0
1,1,5,50.90847856898911,0
0,2,6,50.533494886143316,0
1,3,2,47.561485559354416,0
1,3,7,57.75113693979808,0
0,3,3,39.80880388649079,0
0,2,4,49.456457422984165,0
0,2,6,56.52066426849055,0
1,3,5,57.22854570067683,0
1,3,5,45.99614649038682,0
1,2,3,54.29400133653352,0
1,3,4,64.52044891774595,0
0,1,5,66.8710836740124,0
1,2,1,53.839097842219324,0
1,2,4,59.79742969886929,0
0,2,6,49.833967166529916,0
1,3,1,35.084439094570385,0
1,1,8,69.80237841544465,0
1,2,9,67.81053584102655,0
1,3,1,53.407476996267064,0
1,3,9,63.23836447311148,0
1,1,5,56.767443066990296,0
0,2,6,51.41535270697525,0
0,2,4,39.37291520871968,0
1,1,8,64.91607179459291,0
0,3,6,38.24608789802653,0
0,3,3,39.10998220088967,0
1,1,2,65.29380619880034,0
1,1,1,59.414649725887934,0
1,1,6,70.16011611808511,1
1,3,7,61.36522636419001,0
0,1,7,69.50663588430234,0
0,2,5,53.09572717381145,0
0,2,2,31.30133385588028,0
1,2,3,56.55544175652417,0
1,1,8,65.77537482688874,0
0,2,4,48.87598381413971,0
1,3,5,54.2642234739157,0
1,3,2,49.15474044133915,0
1,3,6,49.47464062873098,0
1,1,4,68.08415444506426,0
0,2,8,56.69863649437552,0
1,2,7,66.78473941170252,0
1,2,4,53.93488573915589,0
1,3,5,51.13180077530935,0
1,2,3,57.11799727222952,0
1,1,1,53.52750794875975,0
1,3,2,51.17446481338669,0
0,3,6,35.004366722020656,0
1,1,6,64.56227721796704,0
1,2,5,68.98376732713245,0
1,2,4,60.19742913997882,0
0,2,8,52.98564588016168,0
0,1,5,74.92613267835678,1
0,2,7,40.99880579993041,0
1,3,0,40.92344442605946,0
1,2,0,47.99413414126305,0
0,1,6,71.29175616502695,1
1,2,1,56.37828181614118,0
1,2,4,53.66996645508687,0
1,3,4,57.98977161071275,0
1,2,10,67.98342616339146,0
1,1,6,73.05819812824583,1
1,1,5,59.83678650938971,0
0,3,8,46.74736356457599,0
1,2,6,59.5491634231172,0
1,3,4,58.28015185782857,0
1,2,8,63.38609391716915,0
1,2,2,53.78775735494122,0
1,2,6,64.53405698831524,0
0,3,0,33.5398635258818,0
1,3,6,61.434763037365855,0
0,2,6,49.13430699774693,0
0,2,10,56.538516382611164,0
1,1,0,53.251506273206246,0
1,2,3,56.12836157603806,0
0,2,7,53.23986950997573,0
1,3,6,56.264141760757816,0
1,3,6,57.09601710482774,0
0,2,2,34.34747568097309,0
1,2,3,59.33677642227339,0
1,3,9,63.90556144444715,0
1,3,5,60.00935206770544,0
0,1,6,67.00080253703543,0
0,2,5,38.85164751686871,0
1,2,1,50.20776905346663,0
1,2,8,65.00035038440791,0
0,1,7,72.714516527168,1
1,1,12,68.64863227743302,0
0,2,2,43.369033327043994,0
1,2,7,66.56837607896654,0
0,1,1,53.6925605735924,0
1,2,5,60.373140049084235,0
0,3,8,45.602467202179064,0
0,3,0,28.798220381320647,0
0,2,4,43.299355766438154,0
0,2,3,38.34703788774266,0
1,3,3,54.41809155968166,0
1,2,6,58.32524061582311,0
0,2,8,48.89877747236289,0
1,2,5,68.83964333419766,0
1,1,6,71.80370005912017,1
1,2,5,50.692433196704,0
1,3,5,51.176158550737334,0
0,2,2,44.05839524604518,0
1,2,8,67.61877533615747,0
1,3,6,49.54753567131553,0
0,1,6,72.79282746411161,1
1,2,3,60.12612209590813,0
0,2,4,47.09386446898076,0
1,2,4,64.7836424535606,0
0,1,0,57.26144996285459,0
1,2,0,52.242904396259235,0
1,2,3,63.78839635911121,0
1,2,7,69.50609790363855,0
0,2,3,37.805891985009225,0
1,2,2,57.16597589335958,0
1,1,3,57.67866067520709,0
1,2,4,60.52077275475139,0
1,1,4,65.38306753509907,0
1,3,11,60.08266343772007,0
1,2,8,65.39077194344482,0
0,2,8,55.72942678571071,0
1,3,9,60.818549045029215,0
1,2,2,55.573549711953795,0
0,2,1,42.802959239917314,0
0,3,2,38.11234469911616,0
0,3,9,52.413365860650984,0
1,2,3,62.91712039277988,0
1,1,1,59.36598291612613,0
1,2,4,59.004121448372366,0
1,3,4,48.2096031017932,0
1,1,6,70.35513005694425,1
0,2,6,49.10463009921152,0
0,3,3,42.862156352694186,0
1,1,7,69.23439271651655,0
0,3,3,29.042044605614702,0
0,2,5,37.98763835153316,0
1,2,7,67.67840381879867,0
1,1,3,58.149032011509235,0
1,3,3,53.183838755552486,0
1,2,7,64.57116322251179,0
1,2,2,53.165801661530395,0
1,2,4,57.518193572058884,0
1,3,7,54.67305247477387,0
1,3,11,66.92111155550165,0
0,2,7,46.8074557599983,0
1,2,6,60.13871739937147,0
1,3,7,57.381754776454194,0
0,2,2,38.07376772394327,0
1,2,5,64.61086728253544,0
1,1,5,64.35104585397653,0
0,3,6,49.66907948150164,0
0,2,5,54.881396073502245,0
0,2,6,54.1965154220416,0
0,2,4,50.312432990060415,0
0,1,5,66.6341610474176,0
1,2,1,56.326793545250354,0
0,1,4,63.4468036929812,0
1,2,9,72.922849229786,1
0,2,6,52.956511664204335,0
1,2,5,58.200797696098064,0
0,3,11,57.526117703598636,0
1,3,1,47.45740002988784,0
1,3,2,48.46933996193842,0
1,1,10,72.61900419800506,1
0,1,5,65.83009423937285,0
1,2,4,62.982313077064916,0
1,3,1,51.44470002796518,0
1,3,6,58.76696898729478,0
0,3,7,47.97379071366753,0
0,2,2,45.896598384646296,0
1,2,5,59.250168544145694,0
1,2,4,52.422899982348966,0
1,1,6,73.50564926089287,1
1,1,2,56.35110873984641,0
1,3,9,59.548309383280476,0
0,2,8,46.761677697447396,0
1,2,4,60.85641526582148,0
0,1,4,54.89273687723889,0
1,3,5,51.24870596154132,0
1,2,3,58.941183972575296,0
1,2,4,61.60960626204186,0
0,3,4,37.10570631100566,0
0,2,10,58.792110925352596,0
0,2,8,50.63331645214052,0
0,1,8,68.25801606094409,0
0,1,6,68.33107630076454,0
1,3,2,46.49176660601771,0
0,3,5,39.27784228721862,0
0,2,8,46.19251029976369,0
1,2,1,57.664780824030686,0
1,2,7,66.55033296585533,0
1,1,12,82.96452685918601,1
0,2,8,58.65940201860124,0
1,2,9,63.87393562227142,0
0,2,6,49.886107055216485,0
0,3,8,39.44169564246468,0
1,2,3,71.70211455051118,1
0,1,7,68.25207342341312,0
1,2,7,69.19363949957456,0
1,3,6,50.80919427832271,0
0,2,9,59.61074072489336,0
1,1,3,70.28795438324833,1
0,2,4,47.03156384846903,0
1,3,5,49.94559251705199,0
1,2,2,53.30601799527232,0
1,3,6,45.86619237521387,0
1,3,0,44.81056649489079,0
0,3,8,53.47574630103656,0
1,2,5,59.82121177813243,0
0,2,3,44.256563201435746,0
1,1,2,61.637840580560166,0
1,3,4,56.02012423474776,0
0,2,7,42.44377248312654,0
1,1,7,69.44411481139394,0
0,2,3,53.325469325855636,0
1,2,2,47.32491877175988,0
1,2,7,63.57290583583467,0
1,2,3,65.70873061025851,0
1,2,5,65.52087578271838,0
0,3,5,38.29778914040554,0
0,2,6,48.157561314075195,0
0,2,8,51.7614176245839,0
0,2,1,33.98366194740677,0
0,2,0,36.74285348567788,0
1,3,3,49.60016933596735,0
1,2,10,70.56374469038374,1
1,2,11,68.25808409654483,0
0,1,10,68.6169089987767,0
1,3,4,52.79359613303814,0
1,2,0,58.5755910908939,0
0,3,0,32.819753074247934,0
1,1,3,59.34203110534227,0
1,2,4,61.77042902519249,0
0,2,9,55.17713060488397,0
1,3,8,70.34016462479555,1
1,2,6,61.98043745352461,0
0,3,2,38.412010840561415,0
1,2,2,50.22697808803363,0
1,2,6,64.51544626668331,0
1,1,7,70.37546738471877,1
1,3,6,56.71746937670396,0
1,2,2,51.4912111941514,0
1,3,7,55.80984917173813,0
1,3,6,58.41176331989826,0
0,3,2,41.23435748709225,0
1,2,3,55.364186018529345,0
1,2,7,65.43633964560397,0
1,3,4,52.810426609336155,0
0,1,10,75.49263012452694,1
1,2,7,62.99777508661388,0
0,1,4,63.08986289684154,0
0,2,5,63.20907770496616,0
0,1,5,66.55817149403713,0
0,1,3,64.22648479215522,0
1,2,2,56.190118026640484,0
1,2,7,62.6859158835147,0
0,2,8,57.73047695303496,0
1,1,7,67.5441811478683,0
1,2,10,75.27527274471275,1
1,1,3,59.328965009667755,0
0,2,10,55.181246478262416,0
1,2,2,55.826981041180964,0
1,2,2,48.476658219489465,0
1,3,0,47.67820112508305,0
0,2,4,37.14506011016416,0
0,3,3,35.760692998266904,0
1,2,7,56.841351517376296,0
1,2,6,76.12083504701364,1
1,2,1,43.73020220191843,0
1,1,4,63.04906870198202,0
0,2,4,52.07402677316093,0
1,2,0,55.18192954293512,0
1,2,2,58.25671061086569,0
0,1,3,59.41385805889262,0
1,1,9,79.755444731685,1
1,3,6,61.566955454010916,0
0,2,7,51.572398872870835,0
1,1,1,58.20290378863296,0
0,2,9,52.3910109759975,0
1,2,9,63.45173987083481,0
1,3,0,51.185754877393585,0
1,1,3,67.56103996800766,0
1,2,6,57.57945429485039,0
0,3,7,47.00426389433686,0
1,1,3,60.282883917705355,0
1,2,4,57.83672048129845,0
0,3,3,37.46699597654,0
1,2,5,64.7343073082309,0
1,2,9,64.26391345756628,0
0,1,3,56.7682650424367,0
1,1,8,77.18309871071487,1
1,2,3,53.68677629059351,0
0,3,2,28.662975107073464,0
1,2,7,61.57435028950065,0
0,3,8,48.10296317315327,0
0,3,8,58.56518186673891,0
0,2,1,45.6035196390932,0
1,1,4,68.73760308316122,0
1,2,7,68.09986821173393,0
0,3,5,48.72798631362959,0
1,3,2,45.55958936709841,0
1,1,6,66.00698922323258,0
0,2,3,40.72422116400484,0
1,2,10,68.94755984731484,0
1,3,10,68.42052495467371,0
1,1,7,69.67291642406123,0
1,2,9,74.55740409480147,1
1,3,5,49.2929210388639,0
1,2,7,66.5011917534912,0
1,2,9,61.75848599065341,0
1,1,6,67.4708823458682,0
0,2,4,48.071630189506415,0
1,2,0,48.9274871658789,0
1,3,5,57.75563302043478,0
0,2,7,47.30146370354329,0
0,2,8,43.25961927174879,0
1,2,7,66.78514811243902,0
1,1,3,69.72005117037867,0
1,2,0,45.01977529915054,0
1,3,4,59.11097090053398,0
0,3,4,41.956261515756125,0
1,2,4,51.32154239153462,0
0,2,7,46.07631266773956,0
1,1,11,77.07892386680325,1
1,3,5,52.977688560379484,0
1,1,4,56.43543511620881,0
1,3,4,44.52980359387298,0
0,2,5,42.57131621573366,0
1,3,3,51.96904504165559,0
1,3,5,54.96799623698431,0
1,3,6,54.49381021249961,0
0,2,6,48.62211122309853,0
1,2,6,67.20013359931343,0
1,2,6,63.97063255217074,0
0,3,0,31.770351134955224,0
0,1,7,73.64036003330344,1
1,3,3,46.20074848891853,0
1,3,2,47.87540230222324,0
0,2,2,41.126937182936246,0
0,3,6,36.480158315425726,0
0,2,4,44.34939706514015,0
0,2,0,29.228083097360603,0
1,2,6,71.56089023831477,1
1,2,1,47.31293105781843,0
1,3,5,62.93057065710656,0
1,2,6,62.19042252859746,0
0,2,8,56.59911012322859,0
1,2,10,67.55600100824535,0
1,3,1,48.03964845980837,0
1,1,5,68.25244819994218,0
1,3,4,56.322762071970914,0
0,2,6,51.94840041788183,0
1,2,6,60.15833644980412,0
0,2,4,45.44429747877561,0
1,2,4,50.02911837366198,0
0,3,2,38.68668383093672,0
0,2,8,58.439573313981036,0
1,3,6,65.07990839958964,0
0,1,8,72.52586317290253,1
1,2,4,54.167601135457154,0
0,3,3,27.871810466415816,0
1,3,2,54.20833366541675,0
1,2,6,53.01861716611232,0
1,2,2,52.29697961128117,0
0,2,11,59.44614177455665,0
0,2,1,40.25854124469142,0
0,3,6,44.97659474348082,0
0,3,10,53.906163274480306,0
1,2,7,51.923183689607356,0
1,3,6,57.07327954935063,0
1,2,2,42.852122129440616,0
1,2,1,55.661090365454974,0
1,2,7,61.22437422098194,0
1,2,10,59.21481637388325,0
0,2,4,40.24724729962648,0
1,2,2,51.149623304076734,0
1,2,0,55.953498087775024,0
1,1,2,59.98318870875123,0
0,3,5,43.513464336095154,0
1,2,10,75.906108171103,1
1,1,7,68.51927856037756,0
1,3,6,60.770939805162016,0
1,3,4,56.41930556965996,0
0,3,3,30.77304734262161,0
1,2,9,75.36491788814915,1
0,1,6,59.89849109964653,0
1,2,0,54.58683324738924,0
0,1,3,53.414634815471835,0
1,3,2,52.00618394075837,0
1,1,3,70.30957439075087,1
0,2,7,48.8348977612555,0
1,2,5,58.718221785734265,0
0,2,5,48.43729433291351,0
1,3,9,61.35301772018728,0
1,2,3,65.09139351871411,0
1,1,11,77.96096124729348,1
0,2,3,42.244468799973134,0
1,2,5,57.29857236052158,0
1,1,4,58.335257649134896,0
0,2,5,41.93773811885481,0
1,2,6,60.24663303170702,0
0,3,6,43.48350056548883,0
1,3,3,47.70912362931448,0
0,3,2,45.922380342025555,0
1,3,13,65.84952461755255,0
1,2,4,58.733162938230876,0
0,1,7,71.96260504880436,1
0,2,0,40.480493391382716,0
0,3,4,38.62246164766323,0
1,3,5,53.79648714076345,0
0,3,6,46.8738848531654,0
1,1,0,56.332608249891,0
0,3,5,39.78551264935028,0
0,2,2,31.539763568139456,0
1,1,6,64.66038138833376,0
0,2,2,34.60577785076227,0
1,1,2,55.664202249668364,0
1,2,4,58.166116192584795,0
1,2,2,55.79368071998308,0
1,2,4,66.90226375646203,0
1,2,1,49.312968105480934,0
0,3,0,34.99265674528413,0
0,2,8,57.193922965859905,0
0,2,1,47.455200042037546,0
1,3,4,55.88114359797813,0
0,3,7,39.086074161050455,0
1,1,3,52.384769853543844,0
1,2,3,57.55630849833752,0
1,2,6,59.35774501049805,0
1,1,8,66.09843127024702,0
0,2,1,32.196176458397645,0
1,3,5,55.80487748793578,0
1,1,0,62.53853849656682,0
0,3,4,38.14939318491477,0
0,3,5,46.11646968839436,0
1,3,2,48.488668248912035,0
1,2,4,51.55308955448304,0
1,3,1,50.674056717552084,0
1,2,5,54.52653977986314,0
1,2,8,66.10813315296782,0
1,1,2,57.29239792497347,0
1,1,3,65.46538717282846,0
0,3,7,43.48730003161198,0
1,2,9,69.9543495390098,0
1,2,1,47.8010129632565,0
1,1,4,60.444473938356076,0
1,2,6,43.82399886229949,0
1,1,5,75.46049285808954,1
1,3,0,47.752784664131156,0
1,1,7,65.16326257030917,0
1,1,10,69.37672155833503,0
1,2,5,57.5217562356033,0
0,2,2,45.73871813427658,0
1,2,3,46.539575372075376,0
0,2,10,56.797513537080434,0
0,3,8,58.79591181537893,0
1,2,7,58.33026832016098,0
1,1,6,67.40192519381827,0
1,2,3,67.01654907628878,0
1,3,4,56.160758148453866,0
1,2,5,60.62961910242728,0
1,1,7,71.53318227454501,1
1,3,10,62.99567332495149,0
0,2,8,61.63247247014804,0
0,2,1,37.461267128711356,0
0,1,6,57.20409195632011,0
1,1,7,67.0434844802977,0
0,2,7,46.236806172478765,0
0,2,3,43.39444034474023,0
0,2,14,63.767632332315785,0
1,2,1,57.98711599902454,0
0,2,2,42.97476381395045,0
1,3,6,58.316327437876986,0
0,3,11,54.61940665323026,0
1,3,2,43.70570995571003,0
0,1,4,52.094123811671615,0
0,1,8,71.56580005696392,1
1,2,5,63.97320601786829,0
0,1,4,62.458330583777055,0
0,3,7,42.038777538130596,0
0,1,6,69.32251082607107,0
0,2,8,50.94698177421168,0
0,2,9,65.96675081518438,0
0,2,6,57.68458381205744,0
1,1,6,71.79754028511665,1
1,2,6,65.78867057104952,0
1,2,6,55.549162927742714,0
0,3,5,45.934747595824994,0
1,1,5,66.88162978823287,0
0,3,9,53.09161142036731,0
0,3,10,55.33363011174011,0
1,2,0,52.263812939240324,0
0,3,5,56.87207849566046,0
0,1,3,60.61907165024041,0
1,3,4,57.68168690414665,0
1,2,6,59.64505094867998,0
1,2,7,67.95320791943836,0
1,2,5,64.69659945116227,0
1,1,0,56.822130385676736,0
0,3,2,44.141264131251724,0
0,1,8,66.57861981819791,0
0,2,0,37.553487729909286,0
1,2,9,69.06190043011745,0
1,3,7,63.40403426742111,0
1,2,9,68.89714760647466,0
1,2,4,64.42879518255283,0
1,2,0,46.691550645168405,0
0,3,6,36.45674114823852,0
1,1,9,74.54064168268252,1
1,1,8,70.61409861943152,1
1,2,3,58.7143186017911,0
0,3,5,43.70259310472737,0
1,1,3,59.29990104688272,0
0,2,3,41.03981829846635,0
0,2,8,55.5991707512934,0
0,3,1,34.28465759053549,0
1,3,2,47.98433976838286,0
1,2,2,51.98203331506545,0
0,2,1,45.108957093909524,0
0,2,5,45.98934050152577,0
1,1,8,82.28376236084384,1
0,2,4,48.78052002776289,0
0,2,0,34.047521601839215,0
1,2,8,79.35337687431533,1
1,3,10,67.06813188857167,0
0,2,3,46.60219102915982,0
0,2,4,47.59914664588877,0
0,2,7,55.30138605540402,0
1,2,10,72.67827025676237,1
1,2,3,50.489577176119674,0
1,2,1,53.83764523780706,0
0,2,7,42.58414666723414,0
1,3,7,58.12818581793733,0
0,3,5,36.90430894423836,0
1,2,3,57.78735092924362,0
1,1,8,72.67063123669118,1
1,2,7,66.40572945382593,0
1,2,3,57.43648286374544,0
1,1,5,61.96587329106801,0
0,3,1,33.52520795199401,0
1,3,7,63.60198080627242,0
0,3,4,45.47264092341618,0
1,1,4,57.26608450686725,0
0,3,5,32.50776589841057,0
0,3,5,36.45275127434409,0
1,2,8,71.22603791016125,1
0,2,7,57.82530377232541,0
1,3,5,50.37644059799414,0
1,2,7,65.53654676868169,0
0,2,6,56.935406524985,0
0,2,4,48.56665625143199,0
1,2,5,67.10751642616546,0
0,1,5,69.9936328504155,0
1,3,7,54.449006468860446,0
1,2,4,57.05009288251461,0
1,2,4,58.17377239145924,0
1,1,11,77.5206669401067,1
1,2,8,70.58164476719286,1
1,1,3,63.04342381137704,0
0,1,7,54.31899528110942,0
0,2,5,41.57673426988305,0
1,2,6,51.06309542511978,0
1,2,5,60.87682620327667,0
1,1,9,74.2024382473388,1
1,2,6,63.41612479305359,0
1,1,5,60.20535866142692,0
1,3,8,64.37072002559995,0
1,2,6,65.58131248234264,0
0,2,5,42.900145249023076,0
1,2,6,54.66980899275564,0
0,1,5,64.9993415688653,0
1,3,5,63.958911368066794,0
1,2,3,64.49871371099321,0
1,2,3,58.81702180224026,0
0,2,2,39.30409367821596,0
0,1,1,61.43421329744292,0
1,3,2,46.73787867595479,0
0,2,4,40.87809830533415,0
1,2,5,49.280165841890025,0
0,1,4,63.51191099173826,0
0,1,0,51.850663254313126,0
0,3,10,52.92824380760712,0
1,2,8,54.503211518814695,0
1,2,6,62.84913336291844,0
0,1,11,64.84439418014186,0
0,2,2,48.28404196321475,0
1,2,11,74.60945617067543,1
0,2,2,40.5921280610688,0
1,2,6,64.8135993004104,0
1,2,1,47.109628686682235,0
0,2,5,48.49596027875606,0
0,3,6,46.037069169625,0
1,1,5,49.528553754543054,0
1,2,7,61.76387820161238,0
1,2,5,59.886779349318125,0
0,2,3,40.75070272521427,0
1,2,3,63.285509131137026,0
0,3,7,41.44066270846646,0
1,2,3,52.89420378277386,0
1,2,8,56.42065486845776,0
0,2,9,60.98185036188556,0
0,1,0,53.768549286956,0
0,1,8,68.80795555981646,0
0,3,11,55.02440963030558,0
0,1,6,70.18117914215162,1
0,2,7,52.397309453906324,0
1,2,8,79.23942106778544,1
1,2,4,60.26967944201887,0
0,2,6,44.84052287074403,0
1,2,1,49.193216312380265,0
0,1,5,63.03620523791595,0
1,2,6,54.49081537685081,0
0,2,7,52.24792671751517,0
1,2,8,69.91734053104459,0
1,2,3,52.93318199688382,0
1,2,3,51.96309971857944,0
1,1,11,84.57972573147117,1
0,2,5,39.468159391369504,0
1,1,6,56.660908117613495,0
0,3,5,37.75587122644992,0
0,2,3,36.96627483638864,0
0,2,10,59.060346988365154,0
1,2,3,54.196477497752134,0
0,1,2,57.901564774880804,0
1,2,4,63.764670884873865,0
1,1,0,51.543325694186116,0
1,1,3,64.8754470587282,0
1,2,2,61.55661399601601,0
1,2,7,61.7216875099317,0
0,3,3,39.788791287615474,0
0,2,8,52.52524119375424,0
0,2,9,57.93230579262104,0
0,2,7,41.57073646089483,0
0,1,4,54.77243877437327,0
0,2,5,46.77484836373732,0
1,2,0,45.55537595470115,0
1,2,5,57.41645445285057,0
0,2,2,40.89327005234267,0
1,3,7,62.600067659181256,0
0,3,13,55.745184714699406,0
1,2,6,57.880693446884564,0
1,2,0,48.242433116205504,0
1,2,4,54.15427360096691,0
1,2,5,55.329972489686426,0
1,2,5,51.93491593211515,0
1,2,3,56.347390581105394,0
1,3,6,54.15647146701473,0
1,2,1,56.83139369617336,0
1,2,2,46.7630195397053,0
0,2,7,48.69935280270365,0
0,3,2,47.58474345397788,0
0,2,7,44.333462263874964,0
1,2,1,50.81733373951938,0
1,2,10,63.92078008587316,0
0,3,3,30.494592430038693,0
1,1,4,70.73655491543839,1
1,3,6,57.85519746318574,0
1,2,3,56.66839419118811,0
1,2,5,51.51841882441889,0
1,2,7,65.79370694054151,0
0,2,8,59.598639538845575,0
1,1,7,74.74738530414265,1
0,3,4,43.25082339969934,0
1,2,5,54.35257211202298,0
0,2,12,65.12775299963381,0
1,1,8,74.33792480238304,1
1,2,2,45.02778207455549,0
0,2,5,41.91709377414303,0
1,2,4,62.44078660871721,0
1,2,5,64.38022888335965,0
1,2,1,44.25708483189304,0
1,3,4,56.97510729634586,0
1,2,10,70.4765169957681,1
0,3,7,48.25088269394831,0
0,1,0,51.827393382830294,0
0,2,9,56.74291269212962,0
1,2,8,70.21914387242812,1
0,2,4,44.55642109530571,0
1,3,7,59.08876273086643,0
1,1,2,55.75739185247673,0
1,1,4,71.2581947434294,1
1,3,9,62.39864030337117,0
1,2,4,53.38987837411409,0
1,2,0,46.42087043062625,0
1,2,5,60.63385300571056,0
1,3,5,58.766655858891056,0
1,1,9,66.3208657742474,0
1,1,5,74.23830001471225,1
0,2,4,46.88653715117139,0
0,3,8,49.845362244408825,0
1,2,5,59.514052280882815,0
1,2,3,56.096294836755625,0
1,2,8,65.25858431036299,0
1,3,6,62.0889798451798,0
0,3,5,43.260310728193616,0
1,3,6,60.83525109246355,0
1,1,2,56.830762383237136,0
1,1,3,61.97820264156158,0
1,2,5,55.980398278802895,0
1,3,4,59.082641162747684,0
0,2,9,53.50686770593473,0
1,2,6,60.37510277869337,0
1,3,8,59.425197937726274,0
1,1,5,63.23024306163116,0
1,2,8,69.61247884721469,0
0,2,6,47.889502892727755,0
0,2,5,53.961443973588686,0
0,3,5,40.878416568741606,0
1,2,2,54.84688734971353,0
0,2,7,49.64319318574435,0
0,2,5,51.06841069468658,0
1,2,3,55.92025136511615,0
0,2,8,53.48442834155293,0
1,2,1,57.94237483251762,0
1,1,4,59.72829064472448,0
1,1,8,73.93257578809,1
0,2,6,45.44994432247314,0
0,2,5,49.09421140700354,0
1,3,6,51.02212335888277,0
1,3,6,53.6874142684663,0
1,3,0,44.58928477213568,0
0,2,4,55.692326764582866,0
1,2,10,70.50401935229887,1
1,2,3,64.27334157933353,0
1,1,4,64.10161645845459,0
1,1,3,59.06457877762531,0
1,2,5,67.69678261300346,0
1,3,3,53.1850881103671,0
0,1,6,63.786392030586434,0
1,1,6,69.35285729700149,0
0,3,7,43.19027953139654,0
1,2,2,44.05482901914352,0
1,3,4,57.67986579632809,0
0,3,4,47.74941707420251,0
0,3,6,53.71240948409957,0
0,2,3,43.34659487629563,0
1,2,8,64.75638287958733,0
1,2,9,72.17494713689292,1
0,2,2,45.124035581014304,0
1,2,4,66.19140591568211,0
1,1,3,60.77686188466779,0
0,2,13,61.58607773768983,0
0,2,4,42.26609294425433,0
1,3,10,67.68731043362601,0
1,3,1,39.25869165884583,0
1,2,2,57.88043686431282,0
0,1,3,63.93917560932895,0
0,3,2,41.825690176693264,0
1,2,4,58.6911261825092,0
0,3,3,45.4342393958194,0
0,3,3,42.200345919993694,0
0,1,8,67.9646140431215,0
1,3,9,60.054104751511765,0
1,1,8,66.60163093292681,0
1,2,7,66.75641666387794,0
1,2,5,54.99930539380021,0
0,1,4,68.41696071791677,0
1,3,2,55.614866541727714,0
0,1,6,62.604918655247744,0
1,1,1,56.07225732703573,0
1,2,2,54.08310490681207,0
1,3,8,65.41991580234834,0
0,3,11,64.49457869573271,0
1,3,6,48.57253803565711,0
0,2,8,52.09829784424342,0
1,2,4,56.669916522198264,0
1,1,1,49.996650725567264,0
1,1,7,66.57444990347969,0
1,2,7,66.13884472175306,0
1,2,5,58.60660548580221,0
0,2,4,35.70024943363468,0
1,3,8,75.37041349004957,1
0,2,2,44.30546516616103,0
1,1,3,61.55847065053337,0
1,1,2,53.51036818466477,0
1,3,5,56.303530809856376,0
1,3,2,48.17893107979253,0
1,3,3,41.55738293642297,0
0,1,3,55.64872279992792,0
1,3,4,56.97463008836972,0
0,2,1,49.41459447683165,0
1,1,5,66.83582702521522,0
0,3,9,56.20990046546423,0
0,2,5,45.16741611634576,0
1,2,10,69.56726919659698,0
0,1,9,78.45489513809733,1
1,2,7,72.31388644589734,1
0,3,5,47.382604115680884,0
0,2,5,40.871837524758945,0
1,2,7,63.66520554842377,0
0,1,4,64.38762342238148,0
0,2,0,36.87433938652099,0
1,2,6,63.93928771707798,0
0,2,2,47.742699433252135,0
1,2,2,59.014048759775704,0
0,1,5,73.42935076110761,1
0,3,5,41.60537959025576,0
1,2,1,45.17983417580343,0
0,2,5,48.39221696371557,0
0,2,8,61.90532228347863,0
0,2,2,36.79011965284611,0
0,3,9,54.16602872810006,0
1,3,0,48.47872896236321,0
0,2,11,59.79503232202159,0
1,3,4,53.03462360521857,0
1,2,5,55.38285397139304,0
1,1,0,43.59168963789711,0
1,2,5,54.440746466679855,0
0,2,6,47.35252490082884,0
1,2,5,65.48711343711354,0
0,3,3,39.73126688767694,0
1,2,2,51.40487140540926,0
1,3,8,56.54507279023285,0
0,3,5,45.97801678188672,0
1,2,10,76.79178583215302,1
1,2,3,61.3171786093373,0
0,2,4,48.30657272534738,0
0,3,7,36.86818823787401,0
1,2,0,48.241628785781145,0
1,1,1,66.73652114444837,0
1,2,8,71.60975245957613,1
1,2,1,44.31248390882637,0
1,1,0,54.722047384003645,0
1,1,11,78.8154921633052,1
0,2,1,36.35651241282412,0
0,2,6,35.55348437741587,0
1,2,5,60.494120225082156,0
1,2,0,46.061208711897805,0
0,1,4,59.08079130457658,0
0,2,6,47.515097830225784,0
1,2,6,61.33162042672594,0
1,2,8,65.95458602952156,0
1,2,4,53.58005050538999,0
1,2,7,62.898952351829614,0
0,1,3,52.212883147986226,0
0,1,1,58.55519532684039,0
0,1,1,42.71862293329421,0
0,3,1,34.34020338131661,0
1,3,8,65.59593076838476,0
1,3,0,39.70329656362587,0
1,3,6,60.582151018287,0
1,2,4,63.778663560604464,0
0,2,5,32.50217830243402,0
1,2,9,67.24318548212129,0
1,1,4,48.62113286185863,0
1,2,7,63.40895777214527,0
0,3,5,44.25566935879221,0
1,2,5,47.58728007044581,0
1,2,12,83.62419181039932,1
0,2,1,41.16541468530586,0
0,2,9,53.64525069064521,0
1,2,7,71.3268971374926,1
1,3,4,44.02193389678842,0
0,2,10,51.62891841583409,0
1,3,0,33.50272238165051,0
0,2,3,50.06320252191694,0
1,3,1,48.66173185736002,0
0,2,6,51.94647497063114,0
1,2,2,55.50500616959238,0
0,2,6,51.069908199720906,0
0,3,4,42.79536161588863,0
0,3,4,41.98910240608676,0
0,1,6,67.53801718111475,0
1,1,4,59.95704097215361,0
0,3,2,37.33576066879809,0
1,2,13,77.36797286630839,1
0,2,4,44.08225795781551,0
0,2,0,31.704677101163853,0
0,1,2,52.275066656957954,0
0,3,1,40.12054053389825,0
0,3,7,44.524791178854805,0
1,2,6,64.92362673517971,0
1,2,6,56.53940045138802,0
1,3,4,45.63427061676735,0
1,1,4,58.78201693734144,0
1,3,4,51.88717464614293,0
0,2,5,44.104093045685275,0
1,2,8,72.46966761552856,1
1,3,6,57.89761650768731,0
1,2,7,73.24469309280929,1
1,2,6,64.02204077035708,0
0,2,8,39.78602827054891,0
1,2,6,67.28020803229278,0
1,2,6,54.452241887650224,0
1,3,9,64.15266833605669,0
1,3,3,47.126579711680776,0
0,2,2,53.556289315722736,0
0,2,1,47.31103408503222,0
1,1,6,63.29089679149121,0
1,1,0,54.363211659394445,0
0,2,6,49.26256886537632,0
0,3,5,46.676713299124025,0
0,2,8,54.13517263338528,0
0,3,3,35.72831292937151,0
1,1,4,59.41220680399974,0
1,2,8,65.97759101811604,0
0,2,9,60.40535777374541,0
0,2,3,43.27827891284642,0
0,1,6,63.13292536692492,0
0,3,6,47.1404288411064,0
1,2,6,60.0650758056092,0
1,3,4,57.45204002593421,0
1,2,9,80.63505209164302,1
0,3,0,28.92316204183828,0
1,2,4,62.008025798631856,0
1,3,6,53.27303333981135,0
1,1,6,66.43868116404352,0
1,3,9,63.147811434360506,0
0,3,9,49.447202983803464,0
0,1,4,75.31506844387512,1
0,1,9,71.46703462660808,1
0,2,3,47.77585286680751,0
0,3,8,41.27735513220711,0
1,2,10,72.15998281684806,1
1,2,9,73.71027296176123,1
1,1,5,62.362013287104745,0
0,1,4,50.44888929479794,0
1,3,0,44.80674115586338,0
1,1,6,67.08591925192763,0
1,2,2,57.62037525372152,0
1,3,3,61.054515177067174,0
1,2,1,50.099731746998465,0
1,2,4,53.7185593816986,0
0,1,5,59.165410993142785,0
0,2,6,49.72340174720805,0
0,1,3,63.39677129409251,0
0,3,8,45.80617878694585,0
0,2,4,47.98292299319094,0
1,2,3,58.32692038409588,0
1,2,6,62.216158448224455,0
1,1,11,72.48792639627938,1
0,3,6,41.11726633539986,0
1,2,4,45.85122351158728,0
1,2,0,51.17893532099017,0
0,1,4,63.13170644373717,0
1,2,6,62.94239495544743,0
0,1,4,65.5215950778228,0
0,2,0,36.9893455911283,0
1,2,2,53.448084096769826,0
0,3,9,50.691777298753564,0
1,2,9,60.97841791651915,0
1,3,2,46.08139677155287,0
1,3,7,59.252355268417304,0
0,1,1,53.320732120438194,0
0,2,9,60.16488003099768,0
0,1,6,63.70683959522485,0
1,2,8,67.08152705624158,0
1,3,0,45.582828284076676,0
0,2,7,56.29768952085557,0
1,2,5,64.50395587014151,0
1,2,8,69.4701630548397,0
0,2,8,43.08566253412796,0
1,1,5,70.97074074006564,1
1,3,3,58.63654112097299,0
0,2,7,47.22502118777804,0
0,3,5,45.97103593440555,0
1,2,2,49.54584159934609,0
1,2,2,44.25810746633924,0
1,2,1,48.30642367228807,0
1,1,3,58.299304802681945,0
0,2,8,49.33624610680998,0
0,3,6,37.238893578431075,0
1,3,3,47.33287416591381,0
0,2,7,50.95586149891845,0
0,2,3,40.491144065972286,0
1,1,5,67.71762166275013,0
1,3,4,56.408303256987196,0
1,1,7,80.90193873082245,1
1,3,0,50.62839966061731,0
0,2,2,44.10027045003195,0
1,2,0,46.898678516661604,0
0,3,4,43.0862847799456,0
1,1,9,74.63297979958178,1
1,2,3,53.4334345549717,0
1,2,3,59.918656983764386,0
1,2,8,59.009509926590624,0
1,2,8,64.77800082231245,0
0,2,5,52.52876516406217,0
1,3,7,57.56207926203952,0
1,1,2,57.966227982853646,0
0,3,9,49.935515901621805,0
1,1,11,72.82199379656127,1
1,2,7,69.86950465787103,0
0,2,0,34.623190286063895,0
1,1,3,62.59079663704942,0
1,1,7,71.06823949141187,1
1,3,4,48.25689049395517,0
1,2,9,68.36552127190372,0
1,1,7,64.45183913627649,0
1,1,3,67.95521237527973,0
1,3,5,49.306085315118935,0
0,3,2,32.13814345496055,0
1,2,4,51.8788749582221,0
1,1,3,54.21150636566224,0
0,2,9,64.09642917674721,0
1,1,11,79.7138733695628,1
1,1,1,57.70146712850272,0
0,2,0,35.72029152452958,0
1,2,4,62.538059055233845,0
1,2,0,45.87888780316273,0
1,2,5,63.968196471650515,0
0,3,7,41.91317582779163,0
0,3,9,44.908664954406575,0
0,2,6,52.31575668549751,0
1,2,4,62.319136720778836,0
0,2,0,40.528630418963004,0
1,2,5,54.75162942121602,0
0,3,5,38.88179417511333,0
0,2,7,51.09711134649763,0
1,3,3,46.753595190449545,0
1,3,4,59.85481380064647,0
0,2,1,25.531587974958303,0
1,2,0,46.10630242315423,0
0,1,2,56.45216748565084,0
1,2,0,35.78028167614116,0
1,2,6,55.01885434881905,0
0,2,3,48.1031028247406,0
0,3,3,36.85703030147116,0
0,1,2,66.86568011021451,0
1,2,0,57.726132229424095,0
1,2,10,72.16523189301974,1
0,2,2,44.061060809795066,0
1,2,4,58.3296555428945,0
0,3,1,19.019595271477062,0
0,2,8,47.62187668863595,0
1,2,5,60.50337751549467,0
1,1,3,64.08012854373835,0
1,2,4,59.4483490606907,0
1,3,10,60.53767516142171,0
0,2,5,50.0527886965341,0
1,3,4,60.41222014377318,0
0,2,2,43.8709944291363,0
1,1,0,59.94799664795235,0
0,1,5,62.20387101022395,0
1,2,6,67.37967061350399,0
0,2,8,56.00133640935322,0
0,3,0,32.68527822629611,0
1,2,2,55.82715921412355,0
0,2,3,44.963949630651534,0
1,2,5,55.69998762438849,0
0,2,5,48.49647774916716,0
0,2,5,52.7129641830501,0
0,1,6,64.79262097343545,0
0,1,2,63.46673631304073,0
1,1,8,74.68535335308836,1
0,1,6,65.50531301490085,0
1,1,4,69.94400051809788,0
1,2,10,68.22226664404647,0
1,2,10,77.54773431306316,1
1,3,8,63.170634907704866,0
1,1,0,54.92067040773243,0
1,2,10,65.56099309831173,0
0,2,7,48.59071202076624,0
0,1,11,75.9812024325279,1
1,3,9,56.70851807374547,0
1,1,10,73.91192288641166,1
1,3,8,56.98098409951457,0
1,3,9,65.9299588448939,0
1,2,11,78.53140237864102,1
1,2,6,55.8654216185238,0
1,2,0,58.561538641834616,0
0,2,4,44.91442957224746,0
1,2,6,57.124893075307426,0
0,1,5,68.78877390104091,0
0,1,1,54.76772760872476,0
1,2,0,49.59131661984253,0
0,2,3,41.22656156304717,0
0,3,7,41.444185593057256,0
0,1,10,78.61998516200951,1
1,3,8,59.56849298552906,0
1,2,8,58.81674103910377,0
1,2,5,62.75530062107966,0
1,2,0,43.97208824488122,0
1,2,4,52.233699136623706,0
0,1,4,68.96303102488658,0
1,2,4,52.01830050394894,0
1,3,5,43.41777571536255,0
1,2,6,65.11430742480748,0
0,2,8,49.639215061229585,0
1,3,4,51.91172439430942,0
1,3,0,43.427498033249,0
0,2,4,45.24159269447241,0
1,2,5,56.23640379048466,0
0,3,9,59.259804350710326,0
0,2,3,37.103892945131236,0
1,2,7,66.22437458338561,0
0,2,6,54.7224638213403,0
1,3,5,51.20174119583311,0
1,1,8,65.8813277736109,0
0,3,3,42.86360925002708,0
1,1,3,56.04569622991642,0
0,3,5,41.06297876355106,0
0,2,3,49.14952036990191,0
0,2,7,49.733137891793234,0
0,3,3,30.3805032851944,0
0,2,6,57.90206213099674,0
1,2,5,57.34994620610017,0
1,1,6,64.98621355046791,0
0,1,4,64.27892126163182,0
1,2,4,61.12538398502036,0
1,2,5,69.80552145645734,0
1,1,6,58.699659252971514,0
1,1,5,69.12976104462973,0
0,2,10,61.727218426304496,0
0,2,2,42.94401900859985,0
1,3,5,58.936368474081114,0
1,1,0,59.671370088182734,0
0,1,6,60.09018607506498,0
0,3,2,45.93451337992063,0
1,2,4,50.20618873430929,0
1,3,4,47.32341859380613,0
1,3,6,55.69106163187952,0
1,3,3,60.62470256593528,0
0,1,3,59.45871685123307,0
1,3,9,62.84033054974595,0
1,3,6,64.16039301952281,0
0,2,3,42.45806827199298,0
1,2,4,52.10781643534662,0
1,2,10,67.91382582380842,0
0,1,4,69.85395916902888,0
1,2,3,56.35432498527568,0
1,2,3,65.65329129528129,0
1,2,3,59.68967463131077,0
0,2,3,38.297449808474994,0
0,2,1,40.6331282540937,0
1,2,2,49.733909409290604,0
0,3,3,35.76162924794581,0
1,1,7,91.39542125512878,1
1,2,4,63.093122550169056,0
0,1,4,67.30548994503337,0
1,2,9,64.88409842345968,0
1,3,9,70.84792033140539,1
0,3,4,44.58259416560301,0
1,2,3,65.40810644678885,0
1,3,2,58.16557074199225,0
1,1,7,61.60455355951239,0
1,2,4,52.45080255365046,0
1,1,4,57.98106092268182,0
1,3,3,46.28029678333782,0
1,2,3,57.61726182130195,0
1,2,6,59.16598273952091,0
1,3,1,57.362992703812594,0
0,1,8,80.52339941040819,1
1,1,3,60.9676920296048,0
0,3,5,50.981847824690966,0
0,2,1,45.44924675295855,0
0,1,5,62.746467204113706,0
1,2,4,47.95392327987219,0
1,2,5,58.91015807519635,0
1,1,9,69.77688934460764,0
1,2,6,63.03252812572915,0
1,1,3,61.44614143437374,0
1,2,3,56.31508829449614,0
1,3,7,61.618423706895825,0
0,3,9,42.16853656420159,0
0,2,6,50.07901389587462,0
1,1,7,66.80191923491498,0
1,3,7,59.99991099931844,0
0,2,9,60.749008210071494,0
0,1,0,48.878001133894855,0
1,3,7,57.59353173665215,0
0,3,8,46.29978624536522,0
1,3,1,44.428655142146795,0
1,3,2,53.49914748066479,0
1,2,2,50.39805820599764,0
0,2,3,40.67962484233862,0
1,2,4,54.450404335239675,0
1,2,6,67.460277057194,0
1,2,8,63.537779437938916,0
1,3,8,63.30022695441778,0
0,3,2,47.48995534355754,0
1,2,2,53.62590789824707,0
1,3,9,68.5603034001658,0
1,3,7,67.35677042046564,0
0,2,5,53.621372459547004,0
1,2,6,61.9159934201113,0
1,2,5,63.21053879499307,0
0,2,7,46.44389509150628,0
0,1,4,59.09978420925024,0
1,2,6,58.97662409184041,0
0,2,0,50.47809581177265,0
0,2,3,41.014625369455416,0
0,3,3,36.546725993921754,0
1,1,4,57.78039509875508,0
1,3,2,51.79905880965381,0
1,2,3,56.713106963344416,0
0,1,0,60.433794885132826,0
1,3,7,62.35629833038677,0
1,2,5,53.098050766379664,0
1,2,0,45.96361114994815,0
1,3,2,55.82664374137911,0
0,2,6,46.54125445245404,0
1,2,3,61.93795909009006,0
0,1,3,60.251595260423414,0
1,3,5,50.161717858557395,0
0,2,6,45.82865706342085,0
0,2,1,34.225899059782044,0
0,2,7,46.96978840494445,0
1,2,3,57.00462853282623,0
0,3,5,46.64016993857937,0
1,2,5,52.04904338372851,0
1,2,3,55.91315996245451,0
0,2,2,36.558552196066316,0
1,3,4,49.757925955205934,0
0,2,10,58.13161529751284,0
1,3,1,44.24774063655394,0
1,3,10,71.91068997423338,1
0,2,4,53.60448441822753,0
0,2,5,55.20257774723939,0
0,2,2,39.980566718614405,0
1,3,3,46.18750582540339,0
1,2,3,56.410149646940575,0
1,2,2,53.24825816856866,0
1,3,4,49.95588418788318,0
0,2,4,41.90353986489143,0
1,2,11,71.79241015365965,1
1,2,2,51.979652748737635,0
0,1,5,68.4417351851901,0
0,3,6,48.77906336752018,0
0,1,2,64.50399902711358,0
1,2,7,57.70352224059981,0
1,3,4,55.005291538468164,0
0,2,0,36.06301930323718,0
1,3,7,52.89792894594458,0
0,3,2,35.676850789292324,0
1,2,2,59.34352490067309,0
0,1,7,67.13840823214758,0
1,3,4,60.827273299795564,0
1,2,8,68.74439257760167,0
1,1,9,71.02954760509712,1
1,3,3,56.80024214453204,0
0,1,7,71.22698386057142,1
0,3,3,35.008854278484264,0
0,1,12,88.29401317790257,1
0,1,3,62.29739411543238,0
1,1,8,71.09398095992746,1
0,3,8,41.75049176863794,0
0,2,6,56.719957969220374,0
1,3,3,53.58637713680653,0
1,2,5,63.1461909014762,0
1,2,0,47.46234328237116,0
0,2,6,54.97457061485744,0
0,2,6,53.12512312606208,0
1,2,5,56.65610880609439,0
0,2,0,28.618261909012787,0
0,2,1,42.97158823368419,0
1,3,3,43.1332652519713,0
1,1,6,67.76007888918889,0
1,3,6,54.76377447606347,0
0,1,4,69.09332605394461,0
0,2,7,47.6576904464605,0
1,2,2,59.53636486001902,0
0,2,7,49.728242674446086,0
1,2,6,66.99995502529805,0
1,2,6,72.30170771918415,1
1,2,4,52.659764308168796,0
0,3,10,55.475099210579444,0
0,2,6,64.09571795791172,0
1,3,2,49.332944134514605,0
1,2,6,62.30894135114824,0
1,2,7,67.9424947367551,0
0,2,3,43.1586224508338,0
0,2,8,45.62815423058687,0
1,2,6,67.66143687419469,0
1,2,0,39.98525793067404,0
1,1,6,64.91604174430829,0
0,2,4,50.672659725836795,0
1,1,7,67.21728785678607,0
1,2,8,62.53151753767798,0
1,2,6,66.39631952583281,0
1,3,10,60.744426065828065,0
0,3,4,35.70419200492782,0
1,1,7,70.37256993746642,1
0,3,7,44.580419037991305,0
1,3,5,48.78163442905579,0
1,2,7,67.18476269997436,0
0,2,3,46.585246211643835,0
1,3,4,51.20122491697184,0
0,2,1,38.263998111365595,0
1,3,6,59.35196371004578,0
1,1,6,72.95180709876033,1
0,1,9,71.58603394945338,1
0,2,7,54.48471676282624,0
1,2,4,60.826001085422995,0
0,3,1,37.96541144761491,0
1,3,6,57.19654599371733,0
1,2,8,61.43837242966821,0
1,1,7,66.68750423400016,0
0,3,8,51.52069886966457,0
1,2,4,67.09232189190797,0
1,1,4,60.57990188401861,0
0,2,3,45.844209530582944,0
1,3,5,53.3597177466162,0
1,3,5,55.55234377943068,0
1,2,6,69.57698374631796,0
0,2,5,50.21224915832597,0
1,3,5,48.79350363629521,0
0,2,3,41.96713528582205,0
0,2,8,57.40623390919225,0
1,2,5,60.70939021314248,0
1,3,4,47.25579940192068,0
0,2,3,38.581252819979106,0
0,1,1,60.51746761355586,0
0,2,9,60.70991697375463,0
0,2,7,53.30163987964329,0
0,2,0,49.710463993139854,0
0,1,7,73.1207618172782,1
1,2,8,64.7825946518355,0
1,2,5,55.92146975950328,0
1,1,10,70.12557847680479,1
1,1,6,68.67710660240185,0
0,3,1,33.732235341297375,0
1,3,6,65.36871876991712,0
1,2,6,69.3315590145893,0
1,3,3,54.16533273748614,0
1,2,7,58.10501913521552,0
1,3,0,41.638905637237976,0
1,2,8,72.2783876287055,1
0,2,2,39.03721060753527,0
1,1,2,64.61070866959763,0
1,2,5,62.3730196151738,0
1,3,6,57.25858942406594,0
1,2,5,56.4858359353228,0
0,2,3,43.48521816867865,0
0,1,3,61.94823977437449,0
1,3,2,54.162694491505604,0
1,2,4,53.57132199683123,0
1,2,8,64.68591578736942,0
0,3,5,41.62441743792412,0
0,1,8,74.31339178843082,1
1,2,9,63.457678312386115,0
1,3,3,44.417151035563926,0
1,2,4,61.36982575855025,0
1,2,12,66.41025442526649,0
1,2,9,74.42489857381084,1
0,3,0,33.258453606464215,0
1,1,6,59.26234458862777,0
1,3,5,52.59789890298253,0
1,3,7,60.895618165346185,0
1,1,3,58.33649456222511,0
1,3,2,49.10014874412174,0
0,2,3,45.59103505417221,0
1,2,3,54.9890483230619,0
0,3,7,42.684049982588505,0
1,3,1,45.5050800131408,0
0,1,3,68.0742006822963,0
0,2,0,46.20537859182205,0
1,2,8,55.900369130288624,0
0,2,9,59.593434668188166,0
1,2,4,59.25073858017678,0
1,1,4,67.61991339560075,0
0,2,6,46.12059670009428,0
1,2,9,59.15868245249257,0
1,1,6,69.92244394323731,0
1,3,3,46.295113693586416,0
0,3,0,26.51841108356605,0
0,2,2,35.47697846490326,0
0,2,5,51.47563484212862,0
0,2,3,43.7234114937602,0
0,2,6,54.24920744333917,0
1,2,3,59.34537627248182,0
1,3,2,46.89533217708117,0
1,1,1,56.64763213061272,0
1,1,10,72.4428123560873,1
0,1,8,69.94836113567254,0
0,1,10,70.16372631009467,1
0,1,7,70.95242146937167,1
0,3,4,44.74711527099308,0
1,2,9,63.91693485089507,0
1,1,5,71.40634822700672,1
0,2,6,49.66867168947108,0
0,3,5,45.47686182329152,0
1,2,0,41.50285240196241,0
1,2,10,60.963688452171326,0
0,3,6,46.169238720499,0
1,2,6,65.94866062316004,0
1,2,5,56.64309778177524,0
0,2,5,57.24323229336467,0
0,2,3,47.72311380851416,0
1,2,7,59.458293741460075,0
1,2,1,52.15424333526754,0
1,2,6,74.38464566861705,1
0,2,7,45.20725955495466,0
0,1,4,65.64134969457552,0
1,1,6,65.3862772363833,0
1,2,2,57.53448145459256,0
0,3,2,42.802553945171354,0
1,2,6,60.068814556443165,0
1,2,7,69.59456135853587,0
1,2,0,61.10601697135981,0
1,1,7,69.33137368672118,0
1,1,3,64.92444343747093,0
1,2,4,55.04779614898362,0
1,1,1,57.096296545156065,0
0,1,2,58.11662453645879,0
1,3,8,64.98467962829298,0
0,1,5,71.02337967878462,1
1,2,4,57.451725754412706,0
0,2,5,53.895495845848174,0
0,2,6,58.7043778897996,0
0,2,6,51.50190456941227,0
0,2,5,45.705641806980516,0
1,2,8,62.940855916300485,0
1,3,8,56.93809322654981,0
1,3,6,61.745830351190804,0
0,1,5,58.941158962553175,0
0,1,7,72.38418827055503,1
0,3,6,40.09320902629874,0
0,2,8,56.69183770830877,0
1,2,8,66.08609791365281,0
0,2,2,46.64060966588382,0
0,1,2,64.70727289160635,0
0,2,3,51.28296823594229,0
0,2,8,59.56985871697568,0
1,2,0,50.71815416994099,0
1,2,6,56.20603466787698,0
0,3,6,37.318704944332836,0
0,2,8,41.73173902738552,0
0,1,6,61.58167083285953,0
0,2,1,42.173135860669085,0
0,3,2,32.06488453904325,0
1,3,1,46.099321977950744,0
1,2,3,58.463577097307,0
1,1,4,61.47967370967121,0
1,3,2,43.39085599793708,0
1,2,9,67.73383166218284,0
1,1,1,52.50754756613578,0
1,2,9,66.64606751510469,0
1,2,9,74.71388482211502,1
0,2,8,50.775068687247284,0
1,2,3,64.85478776673872,0
1,2,6,69.15817993468985,0
1,3,1,44.10347345710478,0
1,3,8,55.44438116792112,0
1,3,5,54.737229190399034,0
0,3,4,45.42018762621852,0
1,1,1,54.54904546885656,0
0,2,0,40.74033939587118,0
0,2,2,45.14507296652074,0
0,3,8,44.974307309095224,0
1,2,4,54.619744558557066,0
0,3,4,46.227193985862044,0
0,2,7,52.45478790006927,0
1,3,10,61.569692367281604,0
0,1,9,71.23909775940206,1
1,1,2,58.64740223636291,0
1,3,0,37.1757278752227,0
0,1,12,82.82821553241348,1
1,3,12,66.60653905530404,0
0,1,6,53.081418881009505,0
1,2,1,51.88064515845274,0
1,2,8,62.29214370553246,0
1,2,5,68.44411096151339,0
1,2,5,57.07277489540016,0
0,2,8,50.2796149051517,0
0,1,6,69.53966334981008,0
1,1,1,53.697763159962086,0
1,2,4,54.10271899373884,0
1,2,7,66.54750691412202,0
1,3,7,53.79766346055217,0
1,2,6,54.71363170900273,0
1,2,8,74.62999001047169,1
0,2,4,49.426241647560914,0
1,1,6,65.67895357502817,0
1,2,0,49.98261395149032,0
0,3,4,42.59492283159699,0
1,3,7,63.8666872480671,0
1,2,4,54.22012354342494,0
1,2,4,59.83073262982841,0
0,3,2,34.918364654318026,0
0,2,8,51.62811754788919,0
1,1,7,69.80346433732453,0
1,1,7,68.96660713473663,0
0,2,0,39.567902853084256,0
0,3,5,45.33323689918028,0
1,2,4,50.45915395313911,0
0,1,4,56.21088396467279,0
1,1,3,59.15141657620354,0
1,3,4,62.14312631220913,0
0,3,8,42.24135108102696,0
1,2,0,48.95888645193624,0
0,2,10,56.91907520846539,0
0,1,6,64.2297780795596,0
1,3,5,55.89119871952528,0
1,3,8,68.00388638097826,0
1,2,1,54.27984199940295,0
1,3,3,46.98234519286454,0
0,2,5,59.56558173301378,0
0,1,9,73.39286610480563,1
0,2,5,42.97102949089294,0
0,1,6,74.06048187338794,1
0,2,3,42.044677428647084,0
0,2,6,58.820992339314145,0
1,2,10,65.64678604516666,0
1,2,8,73.15015194460685,1
1,2,5,61.00523832140847,0
1,1,7,75.45526116351216,1
0,2,7,61.98335363774015,0
0,2,7,44.27999498567168,0
1,2,8,72.37885910379161,1
1,3,8,53.955480477872975,0
0,3,5,35.60581078570788,0
1,3,7,54.98295270103782,0
1,2,4,60.51818318088931,0
1,1,2,59.1650793846743,0
0,2,4,45.51570728504748,0
1,2,5,60.7311763951118,0
1,2,0,52.956447946467364,0
1,1,8,74.34124061970677,1
1,3,0,50.470834178075656,0
1,1,13,90.1001740638372,1
1,3,10,64.89318813779262,0
0,3,4,37.43160345212311,0
1,2,5,63.06768064592594,0
1,3,6,51.2787259186769,0
1,2,3,52.60647933944195,0
0,3,6,51.30223858476168,0
0,2,5,47.035464434506366,0
1,3,5,48.959037708209806,0
1,2,6,54.55098467317413,0
1,3,1,47.243583396969036,0
1,2,5,65.70948268484005,0
1,2,5,65.64272888765593,0
1,3,5,55.554402514464186,0
1,3,4,63.04454709548064,0
1,2,8,65.47589817029768,0
1,1,4,62.307161883012945,0
0,2,6,34.16885619702731,0
1,3,9,60.76318525419392,0
1,3,5,59.26007517454247,0
0,3,6,54.02561094576729,0
0,1,5,60.84882683166358,0
0,2,9,55.57344844666495,0
0,2,4,49.1131215517914,0
0,3,9,48.194967511248144,0
1,1,5,53.58359771236385,0
1,3,2,50.23644999787126,0
1,2,7,67.80715312030446,0
0,1,4,58.2628855249077,0
0,2,7,51.83133354257541,0
1,2,0,44.22251978935618,0
0,2,5,36.081669804881415,0
1,1,4,68.13502205893828,0
1,1,2,58.98125733099074,0
1,3,3,58.98837498352491,0
0,1,3,65.28661095953089,0
1,2,5,58.228951191672756,0
0,2,1,41.49976079080366,0
1,2,6,64.83088695385086,0
1,3,9,67.83441708377872,0
0,2,6,49.989844089132035,0
0,3,7,51.30749225926649,0
0,2,8,53.626329125003984,0
1,1,9,68.01428226607158,0
0,1,11,76.67595373219434,1
1,2,4,59.025924453680915,0
0,2,3,36.03659819859321,0
1,3,7,52.31638957926689,0
1,2,7,66.23693148236714,0
1,2,7,61.96821574314788,0
1,1,11,76.17079547168998,1
0,2,5,46.70555914083725,0
0,2,6,58.92802666216288,0
1,2,2,60.308805801975,0
0,2,11,53.70041822470742,0
1,1,4,60.336033934597765,0
0,2,4,51.79517209771368,0
0,3,4,44.69346290414998,0
0,2,3,43.936043396214345,0
1,2,3,50.311998975178824,0
0,3,3,33.32797889666152,0
1,2,1,49.41616216226855,0
0,2,3,43.42222794912939,0
1,1,11,85.51863577348618,1
0,2,7,48.351827397306266,0
1,1,8,65.8698237622238,0
1,3,9,62.45706761586028,0
0,3,11,58.53581961380835,0
1,3,0,37.76558516619649,0
1,3,1,54.26817075437474,0
1,2,3,55.139843189421654,0
1,2,4,54.328399988433134,0
0,3,4,32.15580538529418,0
1,3,4,56.532603867103134,0
0,2,6,49.43993474840199,0
0,3,5,42.22415569629611,0
1,2,3,51.49594129494318,0
0,2,0,34.98702405641299,0
1,2,2,51.567093768226314,0
1,2,3,55.49703447310896,0
1,1,4,59.65223836812095,0
1,2,2,46.32909519656389,0
0,2,4,58.54702651551503,0
0,2,2,34.09320115809618,0
1,2,5,60.907295034712696,0
0,3,2,26.724950896244906,0
0,2,2,32.09203525369743,0
0,2,1,38.14375338392282,0
1,1,5,65.87183793884152,0
1,1,2,65.30749495401191,0
0,3,8,52.18619497759622,0
1,2,6,61.25094640627105,0
0,3,5,35.832571463479205,0
0,1,3,68.49506034116774,0
1,2,6,66.64425623025112,0
1,2,7,57.768352611257875,0
1,2,5,60.18981864105318,0
0,1,10,75.72026115763248,1
1,1,6,65.27173171697166,0
1,2,8,69.85925242903397,0
1,1,5,69.15866569174088,0
1,3,7,58.04757151097447,0
1,2,3,54.595653771011705,0
1,1,4,70.49479231333765,1
1,1,6,71.66419446181119,1
1,2,6,62.36180194954192,0
1,1,7,60.85395480459973,0
1,3,8,62.72000053152518,0
1,3,1,50.49041732458834,0
0,2,2,28.51598264284816,0
0,2,6,52.63418916354701,0
1,1,3,58.91654006602133,0
1,2,15,78.89572859935224,1
1,2,7,59.4630952361834,0
0,2,5,46.25891653458614,0
1,2,3,62.95995788090666,0
0,2,4,43.8880741605704,0
1,2,5,64.82786779396592,0
1,1,5,60.96834390560195,0
1,2,4,61.79378096328019,0
1,2,4,58.008279278109754,0
1,3,9,64.7601241439464,0
1,1,9,73.03576628048744,1
0,3,6,46.13062752668844,0
1,2,1,39.16207441033121,0
1,1,7,61.90087343271215,0
1,2,10,72.08540249004322,1
0,2,9,45.62838088787498,0
1,3,7,56.34709822176396,0
0,1,9,72.72829579481675,1
1,2,5,55.859299311935516,0
1,2,7,60.542192986531134,0
1,3,3,52.35791100076796,0
1,2,6,67.04647477889904,0
0,3,9,44.86494046591541,0
0,3,3,36.58341907153902,0
1,2,2,50.343695133364776,0
1,3,5,42.8931012406136,0
0,3,4,42.66129707646084,0
1,2,7,68.67358872914247,0
1,2,4,63.08321603657941,0
1,2,10,65.64616811779631,0
1,2,1,45.741509757399285,0
0,1,9,73.10802773795842,1
0,2,3,48.206123278088214,0
1,2,0,50.77425224155192,0
1,2,6,63.4465231793688,0
1,1,4,68.70915463868117,0
1,3,2,45.30431720384648,0
1,3,0,43.90014956663485,0
1,1,5,73.17302755880601,1
1,2,8,65.01594438451187,0
1,2,7,57.663315170167145,0
1,3,5,51.65321951874853,0
0,1,6,62.30910074389379,0
1,2,5,61.78581292850635,0
0,3,1,29.486225809043937,0
1,3,1,48.35517126430622,0
1,3,4,49.31967390729675,0
1,3,5,44.38310730800886,0
0,1,8,72.53309893490962,1
0,2,7,51.45758471167768,0
0,2,7,53.69775575205412,0
1,1,4,59.63506390417372,0
0,3,1,28.16199903008257,0
1,1,6,69.00733429240773,0
1,2,7,71.59509786265491,1
1,3,0,45.05584004753164,0
1,1,2,61.12292548023572,0
0,3,3,35.93661064539564,0
1,3,5,47.281847390631576,0
1,2,3,60.83714709577029,0
0,1,5,69.54207119543081,0
1,2,4,61.55387012587597,0
0,2,5,44.432674670303314,0
1,2,3,58.9852804986927,0
1,2,3,60.46880898693915,0
0,3,2,46.51112745030766,0
1,1,6,71.94263052323721,1
1,3,7,59.3191061251682,0
1,1,3,54.458733722878144,0
1,2,10,70.7782914883587,1
1,3,4,54.28288697924654,0
0,2,10,63.23828422752413,0
0,1,3,67.76945929661713,0
0,2,0,37.96927392965634,0
1,3,6,67.50493594906555,0
1,2,6,53.203564899797115,0
1,2,5,62.096709362308125,0
1,2,3,52.00739803907986,0
0,3,5,34.78094530967386,0
0,3,3,37.36178547736287,0
0,2,4,38.119230240278824,0
0,3,8,47.317624677616166,0
0,2,6,48.447706836316925,0
1,2,7,69.59270704667975,0
0,1,4,55.462074326180314,0
0,2,4,47.685577327167266,0
0,2,2,40.09910879420323,0
0,1,4,68.14424576804797,0
1,2,0,47.84124412484436,0
1,3,3,44.33877706618277,0
1,2,5,53.91250336892067,0
1,2,7,57.54096273166442,0
0,3,4,44.797234566725365,0
1,1,6,74.3846101110735,1
0,2,0,35.48267392287062,0
0,3,5,46.86656136604871,0
0,2,0,31.498702920422936,0
0,2,1,40.177981862607574,0
0,1,4,66.34281308168563,0
0,3,9,42.993054113452004,0
1,2,6,60.980582655100726,0
0,3,5,47.44336156298752,0
0,2,5,31.771660512319187,0
1,2,3,62.677265308508716,0
0,3,3,39.10382538360771,0
0,2,6,55.478738264417046,0
1,2,1,49.936403604026175,0
0,2,7,43.40759907356164,0
0,3,4,41.21961157557665,0
1,2,7,63.58704837291744,0
0,2,8,53.55898423594242,0
1,1,0,60.43803492599477,0
1,3,3,54.81031936931299,0
0,1,2,68.60618708544806,0
1,2,0,50.769271144367494,0
1,2,2,50.543937811044415,0
0,2,12,61.3197767582614,0
1,2,7,66.07831686269303,0
0,1,11,82.0792825949649,1
1,2,7,56.6648302428064,0
0,3,3,39.7743073179202,0
1,3,4,61.047708285191845,0
0,1,7,67.7989556449874,0
1,3,6,61.65505927434552,0
0,2,3,47.24881503648861,0
1,3,0,49.7793030326249,0
1,2,15,75.95119729200034,1
1,2,5,55.972991649672096,0
1,3,4,53.10135946061144,0
1,3,5,47.33889106379844,0
1,2,4,56.651296966941715,0
1,2,5,61.26438328757833,0
0,2,9,66.42433786549482,0
1,2,5,62.01359094634911,0
1,2,2,57.12614235436551,0
1,2,5,65.82237923525003,0
1,3,4,48.17671205552472,0
0,1,9,72.17458668814507,1
0,2,9,66.04093086355401,0
1,1,5,64.60438888807745,0
1,2,1,57.582153743911036,0
1,1,1,61.81868938586554,0
1,2,5,52.609431428061555,0
1,3,6,58.55239638502967,0
0,3,4,43.30045033405527,0
1,2,4,59.649793939202176,0
1,2,3,52.2294376010447,0
0,2,5,42.953928611130124,0
1,3,0,42.619949999895745,0
1,3,2,48.51102501457898,0
0,2,3,51.69654354516981,0
0,2,9,63.179621250009525,0
1,3,3,57.98298923111589,0
0,1,6,71.30092605390922,1
1,2,6,56.97829868850205,0
1,3,9,60.955519125052525,0
1,3,9,64.049630262065,0
1,2,5,56.83780480961912,0
0,2,4,50.6896098515058,0
1,2,3,59.60243054127144,0
0,2,4,49.1399447934863,0
1,2,4,63.12567302278791,0
0,2,7,46.61055708100131,0
1,3,6,61.66414352046099,0
0,3,7,43.4739659479318,0
0,1,9,68.29532023678557,0
0,2,11,63.2492253346864,0
0,2,5,54.703422448857204,0
1,2,8,68.44006743188005,0
0,2,4,44.11506858883148,0
1,2,9,69.55076913050753,0
1,3,8,61.6821345903364,0
1,2,8,60.37024551932303,0
0,3,5,33.917008799839195,0
0,3,3,38.86566525038876,0
1,1,1,57.39928417884652,0
0,2,5,49.860934323793586,0
0,3,10,58.19767917870403,0
1,3,4,51.9226164191783,0
1,1,7,71.81489590952428,1
1,1,8,70.27706616336776,1
0,1,4,72.11679481018233,1
1,3,9,63.40356863363223,0
0,1,0,66.70361305762839,0
0,2,1,39.96399087940073,0
1,3,2,47.93161414705892,0
0,1,3,56.50276011870163,0
0,2,6,42.0237080216659,0
0,2,6,43.12482529093256,0
1,3,6,52.60196845418005,0
1,2,7,65.97410010206089,0
1,2,2,51.36917314469906,0
1,2,1,52.93463526277249,0
0,2,6,54.92240676044055,0
1,1,3,60.56095824182573,0
0,2,0,45.858251746007035,0
0,2,8,45.6918236430709,0
1,3,9,62.24708225812536,0
1,3,10,62.30343538194511,0
0,2,6,52.74089605217915,0
0,2,7,40.425096047958675,0
0,2,9,49.24379151609168,0
0,3,3,37.92813195052199,0
1,2,8,73.75688860504746,1
1,2,6,63.129209170186535,0
1,2,8,59.24226272867883,0
1,2,6,56.01416703654885,0
0,2,9,63.85459047762565,0
1,2,6,58.894326006018794,0
1,1,1,52.28518313775118,0
1,3,9,70.3868628031543,1
1,2,2,59.05548502793496,0
1,1,9,79.37029821633398,1
0,2,5,42.19841285422423,0
1,2,9,60.3744717949282,0
0,2,8,55.735344607899,0
0,2,6,50.39753126314337,0
0,2,7,53.54000439749508,0
0,2,6,56.28989551849071,0
1,2,0,41.33116454995876,0
1,1,5,69.29847525648883,0
1,3,2,43.51687477926341,0
1,2,6,66.27867660430421,0
1,2,2,51.62521647739311,0
0,1,1,52.93014102054744,0
0,2,10,55.75246235065626,0
1,2,8,58.77194899611719,0
1,2,5,60.202144699167334,0
1,3,6,53.13663304669772,0
0,1,4,66.93149115450139,0
0,2,7,55.028305935777816,0
1,3,3,59.440785264513956,0
0,3,8,51.780631345442785,0
0,1,4,65.60338883540037,0
1,2,4,65.00049905913907,0
0,2,5,42.485160736082506,0
1,1,3,53.55870893588484,0
0,2,6,50.56066507043428,0
0,1,3,53.88683265392798,0
0,3,6,58.144786286757885,0
1,2,9,75.27749146039471,1
0,1,3,71.8198816665079,1
1,1,5,65.31223488331564,0
0,3,6,49.54682448980026,0
1,1,4,60.70262284023678,0
0,2,6,53.03593070466604,0
1,2,7,57.922283939744716,0
1,2,8,53.28453405262611,0
1,2,3,52.046446902557165,0
0,1,2,51.72263262191342,0
0,2,4,54.31641011084889,0
0,1,2,68.07838727540158,0
1,2,7,56.98535463793445,0
1,2,2,60.458578037606195,0
1,2,12,78.75692491750385,1
0,1,9,65.15111657640561,0
0,2,5,43.10075138374802,0
0,2,8,50.430679522301546,0
1,3,0,48.739976993136,0
1,2,13,69.85610324547493,0
1,2,3,55.505636871702585,0
0,2,5,45.125442499011754,0
1,3,0,47.36670591692572,0
1,3,6,55.916039841560355,0
0,2,2,38.035384311334866,0
1,2,5,58.93351712183961,0
1,2,3,66.18021416420056,0
1,2,2,51.915501819403055,0
1,3,3,45.79497390858106,0
0,2,6,53.5410682285894,0
0,1,1,56.28237665288522,0
1,3,3,43.92383034566764,0
0,3,7,56.05611020646361,0
1,2,13,74.23760527206676,1
1,2,6,60.110652730193245,0
1,2,2,54.79917675954049,0
1,3,4,61.6505838460442,0
0,3,5,35.06009311275531,0
0,2,4,44.438690585123155,0
0,2,8,63.41063688174167,0
1,3,6,57.64364340369824,0
0,2,8,45.60127435876929,0
0,2,4,44.54393838730462,0
1,3,9,64.03441264878396,0
1,2,5,66.65401957819931,0
0,2,2,40.56182369098875,0
0,3,12,59.445823556331405,0
1,3,0,37.82315586476555,0
0,2,3,35.50611306532181,0
0,2,3,42.614780949406466,0
0,2,13,71.40912895681777,1
1,2,10,70.34437319756884,1
0,1,9,74.4490559778331,1
1,3,4,54.390397977867636,0
1,2,12,79.54603991293365,1
1,2,6,58.94889653731073,0
0,2,8,58.124208505003466,0
1,3,6,52.84558668072435,0
1,2,5,69.9163632796038,0
1,1,4,58.99804447851655,0
1,1,4,58.588053484606895,0
1,2,7,66.74834906744024,0
1,2,6,62.39894215716162,0
1,2,5,61.63426203130467,0
1,2,10,71.1365689774616,1
0,1,0,49.548039005962806,0
0,2,7,58.999943796588205,0
0,2,7,56.744869882151676,0
1,1,8,77.79474975633558,1
1,1,5,62.35834555444788,0
1,1,6,69.08261772357585,0
1,1,8,71.98684231117346,1
1,2,9,73.64001313100754,1
1,1,4,68.80124065914809,0
0,2,6,51.41998280478882,0
1,1,10,67.41024434078375,0
0,3,0,42.861419533256736,0
0,3,3,41.734801563877454,0
0,2,9,53.98030184206152,0
0,2,8,53.219862754445316,0
1,2,7,56.444532257737386,0
1,2,4,63.27676533735522,0
0,1,2,51.64394127860423,0
1,2,3,54.89582753981459,0
1,2,10,71.22227224802775,1
0,3,3,45.42168950243395,0
1,1,5,65.53272338217187,0
0,3,3,39.608290793268864,0
1,3,8,60.85916545775223,0
1,1,3,60.839070245278585,0
0,2,5,48.28502076095858,0
0,1,0,54.05471039573813,0
1,2,0,41.567148784592824,0
1,2,5,56.15838253151686,0
0,2,1,41.33454424774989,0
1,2,11,70.7543949825564,1
1,3,0,44.22095458909047,0
1,1,3,59.38323165280642,0
1,3,5,50.68200803634091,0
1,2,4,55.53450269511853,0
1,3,2,47.46584127805703,0
1,2,2,54.02571570270925,0
0,1,2,60.966891722348564,0
0,3,4,40.94064954104706,0
0,2,11,53.67294204970031,0
1,2,5,53.00958980040608,0
1,2,9,80.98718603687612,1
0,2,7,44.923284773622996,0
1,2,8,63.40687499367809,0
1,3,0,47.585001512569676,0
0,1,4,64.8043030478284,0
1,2,9,70.60432846280786,1
0,3,3,36.44855984107704,0
0,1,10,76.19279035319774,1
1,1,9,73.30671832120431,1
1,3,4,51.43934316229356,0
0,2,3,46.94851423038958,0
1,2,2,59.276827733753535,0
1,1,3,60.88899888282338,0
0,2,1,37.32971347833938,0
0,1,6,72.34080517437992,1
1,2,1,56.80680179909407,0
0,3,7,52.01803654043552,0
1,2,7,55.218848827602116,0
1,2,0,54.52559591584695,0
1,3,10,68.0079002270109,0
0,2,7,47.4165209351745,0
1,3,7,60.25793958999422,0
1,2,3,61.25560873878999,0
0,3,7,41.785901350526366,0
0,1,8,73.21281214511403,1
0,1,5,69.35676837865509,0
1,2,11,66.64490218734257,0
1,2,5,59.28857153777426,0
0,3,8,50.25334875199333,0
1,2,6,58.019342472285224,0
0,2,7,47.99483575010167,0
1,3,0,44.32477699068613,0
0,2,6,55.62160462022942,0
1,2,3,59.21867000596055,0
1,2,2,49.69293635406829,0
1,2,10,73.26083942557842,1
0,1,4,58.82030111916746,0
0,3,2,28.668812358046335,0
1,1,4,61.164282144763845,0
0,1,1,62.614846857928676,0
0,3,9,52.18787997890961,0
0,2,3,45.90698365769401,0
1,2,7,61.91647258204471,0
1,2,9,66.05118931941784,0
1,2,3,56.54392452930398,0
0,2,7,45.74727415486974,0
0,2,2,37.85560273036007,0
1,2,12,72.92215269320116,1
1,3,8,54.24462770774251,0
0,2,4,42.72001159544033,0
1,3,3,53.052533957431905,0
0,1,5,65.04755919970498,0
1,2,4,56.45619104403308,0
0,2,11,56.52658348886487,0
1,3,1,54.884249127946084,0
1,1,5,60.81010392660341,0
1,2,5,61.257964036308685,0
0,3,5,38.69927143112131,0
1,2,5,60.181396463191675,0
1,3,5,57.28804870970186,0
0,1,8,64.14871705396057,0
1,3,7,58.96691877923256,0
1,3,6,62.953643244899226,0
1,2,0,58.807509467460015,0
1,2,6,61.34993013372434,0
0,1,0,55.20840603608455,0
1,3,7,70.05666514300766,1
0,2,9,62.39918925239952,0
1,1,2,55.91357715372391,0
1,2,4,54.90508274556939,0
1,2,3,60.782747308936344,0
0,1,9,67.94481434977135,0
0,2,5,54.478712418891014,0
1,1,10,76.67149981875504,1
1,2,6,64.58860382013536,0
1,2,6,60.716330982599736,0
1,2,5,56.85087597876795,0
1,3,7,66.3099641543416,0
0,3,0,31.87636734438645,0
0,2,5,45.982814555779605,0
0,1,5,64.59931466060095,0
0,2,7,50.59460534850688,0
1,2,4,52.845874366402754,0
1,2,2,51.17564252896544,0
1,2,5,56.90983963046971,0
0,2,2,45.13418416336586,0
0,3,0,28.54037987830261,0
0,1,7,60.221160711209734,0
0,2,7,41.49258736404039,0
1,1,6,59.64809932662141,0
0,3,9,55.03786484761419,0
1,1,3,61.08103299742026,0
0,1,1,59.50624543403601,0
1,2,5,62.682438635606644,0
1,2,4,58.2809195919616,0
0,2,2,43.06002013369398,0
1,2,5,65.2226321490907,0
1,2,3,56.7299795715632,0
1,1,0,61.995487396317074,0
0,2,4,50.06557211782587,0
1,3,2,45.91101863259486,0
1,2,6,59.51432988065032,0
1,3,3,47.362675967728606,0
1,2,8,72.08774010975358,1
1,2,10,67.97474523527224,0
1,1,7,65.00763601600184,0
1,2,0,51.5988902056341,0
1,3,10,64.51416446813748,0
1,3,10,66.47284256287583,0
1,2,5,69.44906951946922,0
1,1,9,77.5653540296443,1
1,1,3,61.135052771509535,0
0,2,0,28.145239546037182,0
1,2,3,53.500187513956824,0
1,1,10,78.55523051272651,1
1,3,1,41.14479480169092,0
1,2,5,70.70485148165177,1
0,3,5,40.28545857054172,0
1,3,3,51.244241966047426,0
0,3,4,38.78094692888625,0
1,2,5,62.48368878387859,0
1,2,3,50.20999096738884,0
1,2,1,62.824462945507285,0
0,2,6,57.861212437633554,0
1,2,8,70.92148222598523,1
0,3,8,41.942429299357855,0
0,3,3,41.77847488984891,0
0,3,1,39.770914328644324,0
0,3,4,45.57804688847999,0
1,2,10,64.98945447683113,0
1,1,7,65.74953122345673,0
0,2,7,51.45017117449864,0
1,2,8,62.98281082755696,0
0,3,6,52.21795949750729,0
1,2,5,50.39493430588372,0
1,2,7,67.27959569829419,0
1,2,3,49.53848312535774,0
1,1,1,52.19374256274466,0
1,2,7,53.951333165656415,0
0,3,9,45.46579466365516,0
1,1,2,66.55365825769607,0
0,2,7,53.19014153200809,0
1,2,10,64.00819226500451,0
1,1,5,70.08573837189657,1
1,1,3,67.15652131784343,0
0,3,5,43.73782661189267,0
1,2,3,66.17374579076295,0
0,2,3,45.11803704561164,0
1,1,6,70.41326253646294,1
0,2,0,33.323261660272635,0
0,2,1,43.26078539365546,0
1,2,5,61.083956388022465,0
1,1,5,67.59914501335513,0
0,3,6,41.647767837585334,0
0,2,11,61.665696941627374,0
1,2,5,55.91569249892521,0
1,2,7,53.26433950016984,0
1,2,2,58.99152284289192,0
0,3,7,38.92693980431471,0
0,3,3,39.34165718307205,0
0,2,5,50.31103416550813,0
0,3,5,45.83011464630647,0
1,3,8,59.58460463200875,0
1,3,1,48.35605737639987,0
0,2,0,40.79864100558804,0
0,2,4,49.13140744032128,0
0,2,6,60.375540335497305,0
1,3,5,56.17097075749103,0
1,1,9,73.32024422508852,1
0,2,6,46.69763503032975,0
0,2,3,43.44144528465121,0
1,2,0,53.33691551570284,0
1,2,4,57.038484078591864,0
1,3,8,63.72306252092019,0
0,2,4,43.82314227709659,0
0,3,5,48.03771674214443,0
1,2,6,66.56301157014872,0
0,2,2,45.02770053980456,0
0,2,7,54.28020728031133,0
1,1,10,69.80015924191474,0
0,2,4,41.24606360155903,0
1,2,2,56.975786619423644,0
0,2,5,58.494247920101,0
0,3,0,30.041001263593326,0
1,2,6,64.27918839194069,0
0,1,6,64.21973721260298,0
1,1,10,70.13016477875449,1
1,2,4,54.61842068211319,0
0,2,6,37.92661739338989,0
1,1,2,65.76717531453875,0
0,2,4,36.40951983036164,0
1,2,0,48.68085884799684,0
0,2,4,38.47545776147339,0
1,3,4,48.578098923188975,0
0,2,6,58.199171700073926,0
1,2,3,57.00533495015696,0
1,3,5,50.173019204091496,0
1,2,4,55.05241433751745,0
0,2,4,42.47506436143035,0
0,2,5,45.068545372102434,0
1,1,5,65.86445842393846,0
1,2,7,73.4778738661428,1
0,2,5,37.904118781715766,0
1,3,4,52.825938426210236,0
0,3,4,36.58502937691232,0
1,2,3,60.732742638583915,0
0,2,4,49.32947829645828,0
0,2,11,62.56402804275882,0
1,2,2,55.72543093007541,0
0,2,4,43.028032772197946,0
1,2,4,64.05632748246506,0
1,2,4,61.992524523078345,0
0,1,4,67.57764895862371,0
0,3,6,50.169199540539395,0
1,1,0,57.0883755032598,0
0,3,8,58.01142701374488,0
1,3,7,60.888197858933204,0
1,2,1,50.904707059876955,0
1,3,0,44.966980447583175,0
0,2,2,43.00394214661753,0
0,2,4,44.10889183920088,0
0,2,13,70.41572498352869,1
0,2,7,54.661666233427965,0
1,2,0,50.47369237916453,0
1,2,3,57.94137127463217,0
0,2,5,60.66611231722039,0
0,2,6,45.681859362847696,0
0,2,1,37.598585196067845,0
1,1,5,58.09714491276502,0
0,1,3,59.83700380782257,0
1,2,2,55.2275922166368,0
0,1,6,64.67338740829462,0
1,1,7,66.30136600924115,0
1,3,8,61.71202433314066,0
0,1,7,66.4894608758515,0
0,2,4,47.57565204106585,0
1,2,7,69.57117173371302,0
0,3,6,45.48794413914756,0
1,2,5,64.40506673582601,0
1,2,3,61.4295920575336,0
1,2,4,59.414140800593515,0
1,2,5,59.206794869784495,0
0,2,12,59.587023506640136,0
0,1,6,65.0441091818214,0
1,3,3,48.38157233661553,0
0,2,3,49.149769412906416,0
1,2,4,59.73391277297098,0
0,3,12,58.72795675959338,0
0,2,4,40.63750724953142,0
1,3,8,68.15874742120539,0
0,2,4,42.2786900563376,0
1,3,6,51.49991678962669,0
1,1,7,66.80391117589093,0
1,3,3,63.41882996293754,0
1,3,3,49.061415667542164,0
1,2,10,68.37451764264537,0
1,1,8,70.03947659685161,1
0,2,7,52.25684513562591,0
1,3,7,55.09261967099373,0
1,2,6,62.71606541603065,0
1,2,11,77.37797454099166,1
1,1,5,66.57144657739353,0
0,2,7,46.14381353450926,0
1,2,1,50.27827047533146,0
1,3,3,48.24236299949185,0
0,2,1,40.93824795242942,0
1,3,9,69.65225835781159,0
1,2,0,49.25558601989559,0
1,1,4,62.55922565564805,0
1,2,0,58.88822409409715,0
1,2,3,60.3810299583583,0
0,3,4,43.612765336137244,0
1,3,9,72.79065807650888,1
0,2,6,50.603570811043554,0
1,2,3,46.06736429011239,0
1,2,8,70.1633287894018,1
0,3,5,33.22990801201844,0
0,3,5,44.68116540454362,0
1,3,1,38.431282129353804,0
0,2,2,37.023863729395146,0
1,2,3,54.18107735195064,0
0,2,5,44.83048395159987,0
0,2,5,47.054183258447836,0
1,2,10,75.16280860180277,1
1,1,6,63.430235439202235,0
1,1,0,57.725704397552704,0
0,3,6,39.102719796086326,0
1,3,1,46.05250211803936,0
1,2,2,55.619196331637255,0
1,2,3,51.0173579169072,0
1,2,3,49.44139783544655,0
1,3,1,49.45939075289444,0
1,3,6,62.61540199670319,0
0,3,1,33.498189731479194,0
1,3,6,54.71343546721648,0
0,2,12,64.54567674061707,0
1,2,1,52.2773995938269,0
0,2,4,46.17562414162177,0
1,2,0,37.35877449843143,0
1,3,4,47.65447854417018,0
0,2,7,47.901668686070664,0
0,1,7,69.75433814255781,0
0,2,5,47.19217679150854,0
1,3,8,64.18090244342018,0
1,2,13,77.28790874605218,1
0,2,10,49.455796325336955,0
1,2,3,63.2350230879253,0
0,1,1,63.35959151711183,0
1,2,4,51.70901354986537,0
1,3,2,50.66352647187092,0
0,2,6,46.26210897604974,0
1,3,1,47.69431994600274,0
0,2,5,55.25802624069803,0
0,1,8,81.65052133160479,1
0,3,5,45.57455947487984,0
0,2,2,41.73026727722101,0
1,2,9,66.30089415845852,0
1,3,0,45.91067435505588,0
1,2,4,64.79885946664157,0
0,3,5,43.5315398850445,0
0,1,5,60.56943674326175,0
1,2,6,53.90155067241687,0
1,1,7,71.56523933705125,1
0,3,5,43.91321062243475,0
1,2,4,54.77045913368852,0
1,3,4,58.13007062853649,0
1,3,3,48.89111567806185,0
1,2,7,63.326779540876025,0
0,2,3,41.08804621645134,0
0,2,8,52.75465852233904,0
1,2,5,61.17932532874785,0
0,2,3,50.6418094744563,0
1,2,7,58.287590509407885,0
1,3,3,53.44260069237004,0
0,3,7,48.806519395642155,0
1,3,6,57.76881914772353,0
0,3,3,42.56521867760047,0
1,2,7,64.2464871260858,0
1,2,7,66.40114630952851,0
1,3,8,64.57932314785573,0
1,2,8,63.47817399809696,0
1,3,6,58.49591730406899,0
1,2,2,52.74606196394684,0
1,2,12,73.33659110140053,1
0,3,1,30.640757511068305,0
0,3,8,50.31195137448266,0
0,2,6,50.89160794390297,0
0,3,1,35.7798712812461,0
1,2,5,59.91241318552126,0
1,2,5,51.97939493764838,0
1,3,9,63.15684208049854,0
0,2,3,43.193478287795145,0
1,2,4,59.2129796857673,0
0,2,0,34.04672835292302,0
1,2,10,64.02265141667245,0
1,2,2,57.12303322447139,0
0,2,6,49.83483618288764,0
0,1,5,65.85622023842498,0
0,3,5,40.41986560383356,0
1,2,7,63.96969087113202,0
1,3,10,62.75357326032096,0
1,2,6,57.15958205423086,0
0,2,7,54.21783604127079,0
1,2,6,58.9843995588694,0
1,2,8,66.81975740447405,0
1,2,4,60.05230110951039,0
0,2,8,52.97297612886942,0
0,2,8,47.2817493923976,0
1,1,8,83.13042806926526,1
0,2,3,38.414806894180785,0
0,1,4,66.1170857930058,0
0,1,6,76.69731774785062,1
1,3,1,50.94953873426947,0
1,2,10,68.49778595586224,0
1,2,5,59.664418062324444,0
1,2,6,57.83696390130576,0
1,3,3,55.40848213478871,0
0,2,1,43.08265558607353,0
1,3,3,48.42787090869128,0
0,2,6,41.96132987291448,0
1,3,7,52.393831311681545,0
0,3,5,49.45154131070804,0
0,3,6,43.939615065441274,0
0,1,4,64.07492268166376,0
0,2,6,47.31360689737403,0
0,2,9,49.3146266157016,0
0,2,7,55.958863696947546,0
1,3,7,59.210195184986155,0
1,1,6,71.5361733002881,1
1,1,0,53.07033436742218,0
1,2,2,52.815910784815706,0
1,1,6,70.56649088310316,1
1,2,5,63.661740398252626,0
1,3,6,60.98782811342977,0
0,2,10,55.56009526460278,0
0,1,7,72.07273618825434,1
1,2,9,73.5454973273836,1
1,2,5,59.47613994159233,0
1,1,3,58.432558181129735,0
0,2,5,52.83768143041298,0
0,3,3,34.65121429610627,0
1,3,10,68.14738248557238,0
0,3,7,45.73981492549789,0
1,1,7,59.7921719175772,0
1,3,9,68.6429703373929,0
1,3,0,31.21073185226316,0
1,3,7,49.07935966621196,0
1,1,1,59.63665039740336,0
1,3,5,57.635355993390576,0
1,3,4,49.81210071061232,0
1,3,7,59.739110451516225,0
0,1,6,54.342849771109975,0
0,3,9,51.973111887407306,0
0,3,3,39.9878236742222,0
1,2,7,63.77178573333102,0
1,2,5,60.10420741068886,0
1,3,0,47.46627088096516,0
0,2,2,42.72916348903542,0
0,2,5,39.82077956122575,0
1,2,8,76.98166117261262,1
0,3,6,51.004031113094754,0
1,1,1,50.57527669022586,0
1,2,5,58.274313847617044,0
1,2,11,70.81982904921979,1
0,3,5,46.83048405657634,0
0,2,4,36.99093789875166,0
0,3,6,43.859691745304026,0
1,3,7,50.19681778331248,0
1,1,4,61.57452242085831,0
0,2,7,51.10692823405728,0
1,1,4,63.39847033691356,0
1,2,7,60.97562800495408,0
0,2,6,45.31863227779009,0
1,3,6,60.09828345881574,0
1,3,3,53.2733637047129,0
0,1,3,63.75699171389121,0
0,1,8,70.11549954754578,1
1,2,5,57.14130708887405,0
1,2,6,61.40573758989615,0
1,2,4,60.50581035034226,0
1,3,8,50.116101495140754,0
1,3,3,52.97055965185429,0
0,2,5,50.331367684017664,0
1,3,7,59.31075453042863,0
1,2,9,67.25343289064162,0
0,3,3,27.338105928830952,0
1,2,11,69.80073368449797,0
1,1,6,75.94719355538686,1
0,3,2,36.100652879126415,0
1,2,6,60.46355080662641,0
0,3,4,39.27798140068867,0
0,2,6,52.11308976087672,0
0,1,5,68.29410122344733,0
1,1,5,63.85559918421029,0
1,2,2,56.124598011968416,0
0,2,8,61.492230985423824,0
1,2,2,59.031253997163574,0
0,2,2,55.210879013287595,0
1,2,6,58.71614820824142,0
1,3,10,73.38094753751008,1
1,2,4,54.046631800387026,0
1,3,7,60.76783073370232,0
0,2,8,54.986427493902646,0
0,2,7,49.76163311390378,0
1,1,4,63.43982138737138,0
1,2,2,58.5523055122592,0
0,1,0,51.448645508440464,0
0,2,4,51.359388831870724,0
0,2,9,46.18407809711434,0
1,2,2,63.69845721364192,0
0,3,7,50.1125134273189,0
1,2,2,53.55137211836111,0
1,2,5,57.986658943816344,0
1,1,7,66.46485868604488,0
0,3,3,40.22068632168009,0
1,1,6,66.75752069225587,0
0,2,4,51.558756631251086,0
1,2,7,73.84327050192292,1
1,2,6,62.99689960327004,0
0,2,5,45.337675457852924,0
1,3,10,62.27136979681903,0
1,1,7,68.08454607694358,0
1,2,3,50.849389473516126,0
0,2,5,39.62960285965553,0
1,1,5,75.48563606186514,1
1,2,5,61.51306762973127,0
1,2,13,71.83433433159827,1
1,2,6,66.08301785178857,0
0,2,0,30.16008811272876,0
1,2,3,50.51993976064473,0
1,3,0,40.984787994678776,0
1,2,4,66.27256640432516,0
1,2,0,48.73559967110813,0
0,2,2,26.92976318250915,0
0,1,0,61.05032966587797,0
0,1,6,65.46809317918822,0
0,2,5,37.711045204859,0
1,3,6,55.41658256018295,0
0,3,5,44.994155460602826,0
0,1,1,59.02024583266485,0
1,3,7,67.99207489582409,0
1,3,11,62.736160687150345,0
1,2,6,62.23360060132486,0
1,3,4,49.50215360710789,0
0,2,1,31.69416624934195,0
1,2,2,58.42763686152978,0
1,2,6,64.3163478457376,0
0,2,8,55.48615037622253,0
1,2,6,64.13395096629323,0
1,2,7,60.5726357365579,0
0,3,7,41.628074227263326,0
0,3,7,46.01117394517005,0
0,3,3,42.141318974276686,0
0,3,6,52.060963985987584,0
1,3,2,52.97716353403717,0
1,1,5,65.14587213384048,0
0,2,6,49.06333993541285,0
1,2,10,70.05796929662685,1
1,3,1,41.87028330150286,0
1,2,6,62.12323689105271,0
1,3,9,56.32586591205754,0
0,1,7,68.3796138694848,0
1,2,7,72.18052555298159,1
1,3,7,63.11429611391676,0
1,1,9,68.38440407881735,0
1,2,2,53.63785465178859,0
0,2,1,33.514218884713806,0
1,2,5,59.68743115911395,0
0,3,0,37.61137570338152,0
1,2,9,71.26503969154952,1
1,2,9,80.42072040372668,1
0,1,4,68.96238701253786,0
1,3,4,54.020001905388455,0
0,2,5,51.64840166317836,0
1,2,5,58.98778412908332,0
1,3,5,49.36247876456752,0
1,2,7,70.5288828914376,1
1,3,4,58.04495738465824,0
1,2,8,64.79472892703018,0
1,2,6,63.36967868465669,0
1,1,3,67.20469593692403,0
1,3,9,67.2317571310301,0
0,3,1,26.486624377091097,0
1,2,5,61.21810010744912,0
0,2,8,52.93245566298397,0
1,3,3,56.565003495693404,0
0,2,6,56.748009357303644,0
0,3,7,53.70399363872806,0
1,2,2,48.41052830639896,0
1,3,5,51.07944232971881,0
0,2,5,50.60005149043057,0
0,2,3,42.799211573156335,0
1,2,12,66.39283509542847,0
1,3,3,53.66298243807033,0
0,2,8,49.7805732391655,0
0,2,4,52.74301032618577,0
1,2,2,55.48092276994232,0
0,2,5,47.55766691583143,0
1,3,7,57.153780541921215,0
1,3,8,68.95417666963486,0
1,1,10,76.7927722994491,1
0,3,14,58.10876125340251,0
1,3,6,53.029581466972765,0
1,3,3,50.63263472717891,0
1,2,6,57.111765814225976,0
1,3,4,58.14438720839472,0
1,1,8,61.95828972987883,0
1,2,1,51.30242985833465,0
1,3,12,72.05066772543967,1
1,2,8,67.71059710054828,0
1,1,0,51.413585134921654,0
1,3,3,54.30129353353274,0
0,3,7,41.032030973176674,0
1,1,9,72.88807671751594,1
1,3,1,50.25920785990178,0
0,2,7,54.16785021096728,0
0,2,0,36.16799625635827,0
1,3,5,60.987472582821816,0
1,2,8,66.43347285742767,0
1,1,3,64.71497705469575,0
0,2,0,42.833646261849324,0
1,2,5,65.58760274387303,0
0,2,3,49.43914318173424,0
1,3,7,59.963399649247364,0
0,3,2,39.64272941871246,0
0,2,3,44.411430688375106,0
0,3,0,28.680012301220163,0
0,1,6,68.51371896252522,0
0,1,5,66.28180491869233,0
0,3,1,35.154913802646405,0
1,1,6,66.36001512393302,0
1,2,8,62.19272221618075,0
0,2,4,47.31984428530453,0
1,2,6,55.43363856373876,0
0,3,6,53.548606206935375,0
1,2,1,50.84290969397504,0
0,1,11,78.22764086028084,1
0,2,4,45.88454638496653,0
1,2,7,66.95344022422096,0
1,2,7,56.95507850024133,0
1,2,5,64.12043290272132,0
1,3,7,60.515769141881364,0
1,3,6,53.823693077206954,0
0,2,1,34.56715838441189,0
0,2,4,43.968126337574226,0
0,2,3,36.44944128414967,0
0,3,4,51.07765354486214,0
1,3,1,54.430756625716725,0
1,2,8,68.25850100487969,0
0,3,10,51.08095036821149,0
1,2,8,65.01446006031303,0
1,1,9,76.79032853086984,1
0,1,4,71.78913449750975,1
0,2,3,42.779710941930986,0
0,2,3,37.68779350128687,0
0,1,7,76.73820386797635,1
0,2,6,40.30082861826382,0
1,2,5,54.95734595873677,0
0,2,9,52.39351661164202,0
0,2,6,40.57254515961338,0
1,1,2,64.56074531403299,0
1,2,3,60.2845263525255,0
1,2,7,61.12603386392341,0
0,2,8,61.15030863481314,0
0,1,7,76.24646214201913,1
1,2,11,71.43414675854969,1
0,1,10,72.74665911215996,1
0,2,6,58.855879427773104,0
1,3,2,52.60580911042077,0
1,1,1,58.281623264844264,0
1,2,4,64.81772973319806,0
1,1,7,70.5096531750151,1
1,2,10,67.47189707040405,0
0,2,6,49.53458547819774,0
0,2,9,60.16137404372851,0
0,2,4,37.194165322143036,0
0,3,7,43.27097832295833,0
1,2,7,70.91528699290802,1
1,2,0,47.440657994532415,0
1,2,4,65.73054280215705,0
0,3,8,53.41889352171635,0
0,3,6,42.79740117508071,0
0,2,1,34.45354121232997,0
0,3,0,32.0517061086401,0
0,2,4,57.017476618193314,0
1,3,5,64.37212223466622,0
1,3,2,49.62695485903369,0
1,1,5,61.95923224189795,0
1,3,7,59.58520517790632,0
1,2,7,65.21913463308383,0
0,2,0,31.338740597634516,0
0,2,1,41.580620331358375,0
0,3,4,46.26801862889164,0
1,2,7,55.003216593917635,0
1,1,6,71.13291982568624,1
0,3,6,50.45338849674451,0
1,1,4,60.19721327452816,0
1,1,4,71.47087879095528,1
0,2,3,41.113692118974825,0
0,2,7,56.06794665116416,0
1,2,2,52.46613657668185,0
1,1,8,69.46501821418698,0
0,3,6,42.91426835578196,0
1,3,5,58.4928774043101,0
0,2,3,48.24513955028781,0
1,2,1,51.67788900211406,0
1,2,3,49.200158931638626,0
1,2,4,60.015850833171946,0
1,1,0,57.11007179705347,0
1,1,4,61.91642494306787,0
1,3,8,70.33615643590404,1
0,2,7,45.34253912019739,0
1,2,4,46.91358144873216,0
0,3,5,40.37567576031363,0
1,2,3,59.552122670457244,0
1,2,5,54.72077681283079,0
1,2,10,65.09514540736963,0
1,1,8,75.75510668089078,1
1,3,7,61.31273961398875,0
0,2,4,47.92835122623065,0
1,3,7,62.907144597327644,0
0,3,0,28.065102162092778,0
0,3,4,37.283862052670806,0
0,3,7,51.450154356674304,0
1,2,7,57.275566096094,0
1,2,7,53.28640076800727,0
1,2,6,59.83357913186073,0
1,2,4,62.654366445328456,0
0,3,7,45.51977815034128,0
0,2,2,45.05822355932141,0
1,3,2,38.91852844788417,0
1,3,5,56.57748404161746,0
1,3,6,60.26932252321189,0
0,3,0,25.968764663745873,0
1,2,6,66.31028795273272,0
1,1,7,68.44240551747103,0
0,1,5,80.35668350803002,1
1,2,12,63.11381965551632,0
1,2,3,62.84557183837376,0
1,3,4,51.02920951736963,0
0,3,4,32.572740433024045,0
1,2,5,57.36522428217504,0
0,1,4,64.38739620668733,0
0,1,1,62.187333347825216,0
1,1,3,69.60982144066088,0
1,2,5,67.10946544352171,0
0,2,9,51.11936755730057,0
1,1,12,84.65082346133059,1
1,2,9,69.95642478560437,0
1,1,3,57.72698489535506,0
1,2,3,54.940447032612596,0
1,2,5,56.450786702776384,0
1,2,10,70.18546170968227,1
0,2,5,45.1867503257997,0
0,3,1,29.92686867284427,0
1,2,3,58.39559563891386,0
1,2,7,67.14365274129818,0
1,3,7,58.062014999541944,0
0,2,4,52.198774599462894,0
0,3,7,45.05771031387333,0
1,2,0,48.48612727437231,0
0,2,5,49.49376040066589,0
1,1,8,70.33787207528331,1
0,2,3,44.629999359343955,0
1,2,2,41.397807646904674,0
1,1,0,55.08353692368988,0
0,2,10,47.28003016612394,0
1,2,3,49.89524714500565,0
0,1,6,60.32338730622247,0
1,2,7,58.78708423233087,0
1,2,10,67.25573070183873,0
1,1,5,62.56753692227257,0
1,2,3,59.32137602128563,0
1,3,6,58.111939070673486,0
0,2,9,45.60416866206664,0
0,2,4,43.607246165099866,0
1,2,2,55.59127623291714,0
1,2,0,48.35716741873521,0
1,3,1,46.69557011546649,0
1,2,8,66.95155062698528,0
1,1,4,66.8229979881779,0
1,2,3,48.125600062686324,0
1,3,3,49.778414806801756,0
1,1,5,72.54168049028864,1
1,3,4,60.08330654148978,0
0,3,4,45.32826000870899,0
0,1,9,75.68412341977837,1
0,3,10,58.76709142070649,0
0,2,0,45.486027271541886,0
0,3,6,43.166278636818454,0
1,2,3,51.1528377835584,0
1,2,4,56.648538411877524,0
1,2,6,77.48347756886027,1
1,3,4,45.15321828637403,0
0,1,6,64.64730430235291,0
0,2,7,43.66397190382626,0
0,1,6,67.62381931438692,0
1,2,3,49.986544855525665,0
0,2,3,45.032995212799854,0
0,2,1,27.498401171939044,0
1,2,2,57.088103325423255,0
1,1,11,83.11172628233987,1
0,1,3,59.0802818896827,0
1,1,1,56.32434996462149,0
1,2,6,61.18296384634344,0
1,3,5,55.90455337612513,0
1,1,4,62.80915206516786,0
0,3,9,56.30590444467475,0
0,3,7,52.349029123537186,0
1,2,3,51.929643887539086,0
1,2,4,56.453357536128514,0
1,3,3,55.50809724462373,0
1,1,8,63.891654759704835,0
1,2,4,48.14639359077215,0
1,2,0,51.13157976449239,0
1,2,5,62.48173205535246,0
1,3,0,41.388499060232036,0
0,1,12,76.10674472939772,1
1,2,2,50.1990383912955,0
0,2,5,44.015019801032054,0
0,2,6,53.318219211573734,0
1,2,4,52.09750756501181,0
0,2,4,43.62147063864917,0
0,3,6,37.92906227301413,0
0,2,10,50.43571950263241,0
1,3,7,63.35089087373385,0
1,2,9,65.4008738891323,0
1,1,2,59.942200402103786,0
0,1,6,59.45962060099495,0
1,1,5,61.29030273121762,0
1,2,6,65.78043940347503,0
0,2,9,65.99770950269433,0
1,3,4,43.11891967804844,0
0,3,4,39.03040069679537,0
1,1,7,71.0614029907175,1
1,2,0,46.919499233803585,0
1,2,4,62.24760993497062,0
0,2,5,44.86356693348756,0
1,1,2,59.769238301083206,0
1,1,8,68.3896404775082,0
1,3,2,55.097155414773866,0
1,3,5,51.61817748482197,0
0,1,6,65.24063101856743,0
0,2,9,61.778398713329516,0
1,2,5,54.859806704535686,0
1,3,8,61.34375028381786,0
1,2,7,54.887328281566994,0
0,1,5,59.56033270685462,0
1,3,2,50.91065637945402,0
0,2,1,33.465957274372585,0
1,2,5,57.277135340881046,0
1,2,3,58.46543201023969,0
1,2,8,63.10406929426535,0
0,2,7,57.86222139486488,0
1,2,4,59.07831393743032,0
0,2,2,43.77670767851138,0
0,1,7,75.20482799369266,1
1,3,2,50.59911531307033,0
1,1,3,68.69423645234671,0
0,1,2,63.556311415189114,0
1,2,5,57.382737850827716,0
1,3,9,69.46574037510635,0
1,3,5,56.31933010451473,0
0,2,4,45.285505907679905,0
1,2,0,51.39192847660441,0
0,3,7,52.39554094606209,0
0,2,3,44.52563836085251,0
0,2,5,56.81789952154982,0
1,3,4,58.43265278949411,0
0,1,8,73.61580016701082,1
0,3,5,39.05240404138958,0
0,3,5,42.841710578166186,0
1,2,6,62.358320698754255,0
1,3,11,70.48315750608873,1
0,3,8,52.34896726310006,0
1,1,5,65.84770205109143,0
1,2,5,60.60174957688586,0
1,1,3,64.60228447538034,0
0,2,2,39.359262954418,0
1,3,3,59.477579096249286,0
1,2,3,45.76416557418264,0
1,2,7,71.27704741086015,1
0,2,2,40.85238417746858,0
1,3,9,68.01289907135796,0
1,1,7,70.81920217146306,1
1,2,5,61.73017205455401,0
0,1,5,67.7712723801326,0
0,2,3,47.007602489048644,0
1,1,6,65.3558458670638,0
1,2,8,71.17399565263118,1
0,2,3,40.26688724644325,0
1,1,0,54.97334713336938,0
0,3,7,51.168293015490576,0
1,1,6,71.97508789807945,1
1,2,2,56.30394424130701,0
1,1,3,59.03303781022132,0
1,2,2,58.483538891843516,0
0,2,3,40.58316538998261,0
1,2,4,66.75704536874456,0
0,1,4,62.57664551250168,0
1,2,3,48.301871528970196,0
1,2,3,50.02658265991724,0
1,3,4,53.21821818439794,0
0,2,6,51.030028513867265,0
1,2,4,67.84828342475548,0
0,2,8,48.01880461027331,0
0,2,7,52.467523546219084,0
1,1,0,49.702892964589715,0
1,2,7,61.53672573393298,0
1,2,7,72.4198601503467,1
0,2,4,40.23627248683102,0
0,2,1,40.94759438313114,0
1,3,5,56.96453679507196,0
1,1,5,64.87914286820896,0
0,2,2,45.78663633880768,0
1,3,1,41.199898090283554,0
1,2,5,68.28161253901779,0
1,2,4,67.6242274756176,0
1,2,4,58.23552348879657,0
1,1,5,77.11553065306776,1
1,2,2,52.004860342250396,0
1,3,4,55.0021599692814,0
0,1,7,76.15944531887257,1
1,2,4,55.70497769888545,0
1,3,0,38.09225470560281,0
1,3,4,44.94141467190573,0
0,2,2,51.208559342996196,0
1,2,6,59.35487674680611,0
1,2,6,61.07131618290751,0
0,1,0,49.436179608394724,0
1,2,7,68.74169639664595,0
1,2,2,50.092200703877076,0
0,3,10,50.015712853239165,0
1,1,5,66.4976020970808,0
1,2,1,46.679770363772136,0
1,2,2,53.10708865242887,0
0,2,6,57.4856897601196,0
0,1,4,65.14127198758432,0
1,2,5,60.652711462141795,0
0,3,10,52.43665026486727,0
1,2,3,54.054324520117184,0
0,2,5,57.22481980106888,0
0,2,9,51.55240671252619,0
0,2,6,49.71628423596365,0
1,2,0,50.575127831714035,0
1,3,7,64.04381253566568,0
0,3,2,40.5044181540614,0
0,2,9,52.97656202739676,0
0,2,3,44.30658062368338,0
1,3,14,74.64267376956974,1
1,2,9,56.639291722146965,0
1,2,3,48.05505198761112,0
1,2,5,56.974681546390144,0
1,3,7,56.192006618115656,0
0,2,7,43.631387963177424,0
1,3,6,60.74791285686815,0
0,3,9,53.005134399972576,0
0,2,5,46.27534879943636,0
1,3,4,46.719223627463066,0
1,3,4,52.77727567877606,0
1,2,8,52.86657622000694,0
1,1,6,66.18521844597079,0
1,1,6,67.31591834403878,0
0,2,7,54.13633717775651,0
1,2,0,42.1794911826036,0
1,2,6,63.12408368345737,0
1,1,6,61.792843650677284,0
1,3,10,60.93765083853833,0
0,2,0,43.11869464369764,0
1,2,10,80.07056861679872,1
1,2,5,60.2567937940134,0
0,2,6,45.254667621476884,0
1,2,10,70.94335223754999,1
1,2,7,68.69514578749573,0
1,1,6,70.10498782936368,1
1,3,6,70.71556436231873,1
0,3,4,35.6891796237812,0
0,2,5,49.19979478722459,0
0,3,3,45.39405252036884,0
1,3,5,62.43079618509266,0
0,1,0,45.2496103673781,0
0,3,6,44.53461563059535,0
1,3,5,62.4226038292435,0
1,2,4,72.45321495199569,1
1,1,6,70.5189794187541,1
0,1,1,55.160683531517584,0
0,1,11,71.95398423781305,1
0,3,5,53.908287457857114,0
1,2,5,63.643707932328795,0
1,3,2,44.759665365572914,0
1,3,5,53.9842181683311,0
0,2,9,58.09964938196422,0
1,2,8,68.71903326944059,0
0,1,8,66.50190671227105,0
0,2,7,49.01608033686751,0
1,2,4,49.7353271881352,0
1,1,1,62.19881144802391,0
0,1,4,61.29190766614842,0
0,3,4,43.582630091944324,0
1,2,8,73.11129254288163,1
0,2,6,49.86841479179532,0
0,2,10,58.855055063858956,0
0,3,9,53.506425540980636,0
0,2,4,45.015903048208834,0
0,1,0,61.230824989389724,0
1,3,9,64.55419198769395,0
0,2,9,52.54650455271103,0
1,1,1,62.23924528444875,0
1,2,10,76.15242178179176,1
1,3,6,50.30834686589768,0
1,2,5,67.66391942384053,0
1,2,10,71.82355886604243,1
0,2,9,57.2653492670197,0
1,3,7,64.03312315798257,0
1,1,6,64.16511804497861,0
1,2,7,68.77082257095462,0
1,3,4,51.116122651310725,0
1,1,5,57.62524660144831,0
1,3,2,44.01121860446533,0
0,3,4,45.07289474247661,0
1,3,4,48.272658300026706,0
1,2,3,64.05038061594824,0
1,2,5,65.94641726719821,0
0,3,4,47.612060270818276,0
1,3,7,59.62389289838706,0
0,1,0,56.2893080864748,0
0,3,5,35.082781912178554,0
1,2,5,64.97891755078746,0
0,1,4,64.89916727518543,0
1,2,4,60.8365281264613,0
0,3,0,38.99345287831813,0
1,2,6,58.97018508026245,0
0,2,7,49.856409400792316,0
0,3,6,48.33379372830644,0
0,2,8,47.970774089700875,0
0,2,6,49.85707794588433,0
0,2,6,52.888492837202826,0
0,2,5,47.393527603335926,0
1,2,7,70.54494704864555,1
0,3,0,23.56659823781401,0
1,2,2,59.61385620116671,0
0,3,10,55.06291676089363,0
1,1,0,52.155857062217045,0
1,2,5,55.37795715885001,0
1,2,9,57.59858691378774,0
0,1,5,61.02412493793083,0
0,2,4,50.17670800201908,0
1,2,5,59.71957136860663,0
0,1,4,68.81490440195921,0
0,2,5,43.56078159853086,0
0,2,3,48.35166949351329,0
0,2,8,50.189284917951085,0
0,3,9,45.00585636120586,0
1,2,5,59.46436391414662,0
0,2,1,35.49219730530851,0
1,3,3,43.28588925481394,0
0,3,4,38.12916718263938,0
0,2,7,53.096657248715886,0
1,1,2,65.34179305748033,0
0,2,3,46.832347777181184,0
1,2,7,70.09971599616415,1
1,3,8,64.60178749196754,0
0,3,3,40.4621413916652,0
1,2,1,45.85527546764054,0
0,3,15,62.3984975293817,0
1,2,7,66.98396888665407,0
0,1,4,70.28718974685218,1
1,3,8,64.43144270865906,0
0,2,5,53.92332027270068,0
1,3,8,55.840010543173804,0
1,3,5,53.36791186925952,0
1,2,5,62.14675356830635,0
1,2,5,65.80476345371281,0
1,2,1,51.2738567708054,0
1,2,11,71.58777020425423,1
0,2,2,42.69265068106018,0
0,2,1,35.474134540566155,0
0,3,4,47.66199730620536,0
0,2,2,36.72164453062078,0
0,1,5,55.40705288220349,0
1,2,7,64.0503350426129,0
0,3,8,58.6286383071391,0
1,2,7,66.93226565166805,0
0,2,4,51.42542103595983,0
0,3,5,41.21120686667725,0
1,2,6,61.23811251364411,0
1,2,0,42.27545315203442,0
1,3,7,47.70306871047907,0
1,1,1,57.98136169220432,0
0,3,11,62.77548930346981,0
1,1,4,64.72066852414032,0
0,1,4,66.11799763526007,0
0,3,3,47.98605431426882,0
1,2,3,57.64383425720529,0
0,3,12,53.494553378516706,0
0,3,8,43.32107171436652,0
1,3,0,55.11106281486043,0
1,3,10,67.6327388957684,0
0,2,9,52.02955721239723,0
0,3,4,34.18941686023581,0
0,1,6,73.26531863464456,1
0,2,5,42.142232325945805,0
1,3,11,76.2691707875111,1
0,2,3,27.995319676977207,0
1,2,5,67.11297598894988,0
0,2,4,46.7878703166467,0
1,2,1,52.59297211528437,0
0,3,12,53.96410219732526,0
1,1,1,66.45364924297014,0
0,2,6,54.4777613521192,0
1,3,0,40.483981955522744,0
0,2,4,36.20435419802057,0
0,1,6,67.88648606573655,0
1,2,3,55.99464433231293,0
1,2,7,56.40065981312245,0
1,1,4,62.72303237258832,0
1,3,8,58.130326834629,0
1,2,9,68.04645034153347,0
0,3,3,44.42841376615011,0
0,3,5,52.11834667592407,0
0,2,6,52.976810018323455,0
1,1,7,65.39279625084897,0
0,2,5,51.72247513092631,0
0,1,6,67.31553560746012,0
1,3,4,46.3393552268455,0
1,1,5,66.99116392346136,0
0,2,9,64.38453664508603,0
0,2,7,49.96010752871237,0
0,2,7,44.12937755928285,0
0,2,7,53.92714117134353,0
0,2,5,40.36220175699012,0
1,1,6,71.31802753443144,1
1,1,2,61.62432495862564,0
1,2,9,67.14544973262629,0
0,3,0,28.69574640840014,0
1,2,5,58.938828491922266,0
0,2,8,52.45551551142026,0
1,2,1,48.13882489329229,0
1,2,6,55.06123459499282,0
0,3,3,43.80125851845936,0
0,1,4,61.07299511751521,0
1,2,8,66.83521552084572,0
0,3,6,47.276265606442166,0
1,3,0,46.61010239827607,0
0,1,2,53.130910014507876,0
1,2,8,57.62079917724076,0
0,3,6,43.97965925631756,0
0,1,10,76.97855766208477,1
1,3,10,61.36025066262844,0
0,3,4,37.75203268910856,0
0,3,13,70.48135618952638,1
0,1,5,55.772880575977325,0
0,3,2,30.934016634535716,0
0,2,3,53.15119974870658,0
0,3,0,32.123828728161605,0
1,1,10,71.47007417250545,1
0,1,10,80.8438445850556,1
1,2,2,54.27615218240555,0
0,1,4,61.25845802477997,0
0,2,5,47.19216191385572,0
1,3,2,45.70945595308617,0
0,2,0,31.015391646542895,0
1,3,4,52.43201536182626,0
0,1,4,57.94501519961997,0
1,1,4,63.0534665589824,0
1,1,6,68.7720328373717,0
1,2,9,72.26530228025806,1
1,3,4,58.63962492758414,0
1,1,6,64.97131749183875,0
0,2,7,53.28381887429251,0
0,2,7,51.77045815396807,0
1,3,3,52.63909357907992,0
0,1,5,62.60270294524771,0
0,2,7,43.94816875607735,0
1,1,2,61.5100094453328,0
0,2,9,44.73125996716167,0
1,2,9,66.66080283715844,0
1,3,3,38.23184492175701,0
1,2,6,55.31798788320868,0
1,2,7,59.61433030776288,0
0,2,3,47.362725111426705,0
0,1,6,70.44054012202135,1
1,2,5,57.23032658078879,0
0,3,1,37.11872287442749,0
1,3,6,61.43811481690199,0
1,3,2,48.19667575812639,0
1,3,8,54.07810927893155,0
0,1,3,59.960438449669425,0
1,2,5,59.51053797413932,0
1,1,9,66.83772804584888,0
1,2,6,63.83523396464984,0
0,1,2,60.399059271511774,0
1,2,2,56.22521349947093,0
1,2,3,57.394615485837214,0
1,3,6,60.649215175574916,0
1,3,6,56.10335986063484,0
0,3,2,36.69229624744643,0
1,1,1,55.01129857877234,0
1,1,6,64.07750392189025,0
0,2,4,54.17249726920771,0
1,2,11,61.781156492367515,0
1,2,5,64.38379994577132,0
1,2,10,66.8972956227717,0
1,2,1,48.249809111784394,0
1,2,0,51.307887420327035,0
1,2,2,46.55195193824498,0
0,2,9,52.56246290617342,0
0,2,10,55.72586064978815,0
1,2,3,54.89300870907453,0
1,2,4,53.97931155919656,0
1,1,1,65.00559342819635,0
1,2,0,58.98508258248977,0
0,3,7,38.20298303508972,0
1,3,6,59.72161352382868,0
0,2,5,52.09716980954193,0
1,2,1,54.71492601195553,0
1,2,10,66.70943253454152,0
0,2,3,44.04683943526192,0
0,2,7,45.750309652727736,0
1,2,1,49.89867984420586,0
1,2,4,51.95017485666412,0
0,2,6,47.39755996515083,0
1,3,6,49.48599144347465,0
1,1,5,63.999327228859315,0
1,3,6,50.75709155450118,0
1,1,2,60.03408180895702,0
1,1,6,63.602902195285544,0
1,3,5,56.452901739372685,0
1,3,6,62.40790364182391,0
1,1,5,72.94723468052354,1
0,2,1,29.001917494449955,0
1,1,1,52.82902953063109,0
0,2,0,37.240001037103596,0
0,3,7,47.206279668849874,0
0,3,7,36.73299684642799,0
0,2,8,46.362285215409976,0
1,2,6,62.65178601328555,0
0,2,0,35.43670239954653,0
1,2,2,55.88809203210047,0
1,3,6,59.21837863444058,0
1,3,5,56.69297216557931,0
0,2,4,44.08692626695185,0
1,2,6,62.27869886663184,0
1,2,5,63.323815448621815,0
1,1,5,53.80338666717887,0
1,3,3,58.72166743485617,0
1,2,8,54.97758974559838,0
1,2,4,52.60419091547754,0
0,2,1,38.81550608814207,0
1,3,3,54.36306445544921,0
0,1,4,48.02366554600192,0
1,3,8,60.85937838029083,0
0,3,5,47.71033297806851,0
0,3,4,44.180539628007075,0
1,2,1,48.513351707512705,0
1,2,7,62.49582356522484,0
